ORDER,Sample_ID,panel,construct,instrument_type,read_pattern,expected_neg,ngs_prep,ngs_repnum,pcr_primer_plate,pcr_primer_well,Index 1,Barcode 1,Index 2,"	Barcode 2",dsp_plate,roi,segment_type,segment,aoi,roi_dimension,dsp_date,dsp_well,slide,human_sample_ID,slide_barcode,age,nuclei,source_ID,Sanger_sampleID,VCDepth,AOI_type,Radial_position,Region
58,DSP1001660005647_A03,WTX,directPCR,NovaSeq,2x50,0,Sanger_DSP,1,PP08,A3,i7291,GAACGCGC,i5291,GAGATCAT,1001660005647,001,geometric,ROI1_exclusion sub4,ROI1_exclusion sub4-aoi-001,1223.116725,24/01/2020,A03,00MW,Hob5-BRA-5-FFPE-1-S86,OB00408,14pcw,40,13883-46,HCA_F_BRA8739289,0.021415314,HOPXpos,1,VZ
57,DSP1001660005647_A02,WTX,directPCR,NovaSeq,2x50,0,Sanger_DSP,1,PP08,A2,i7290,CTCTGGAA,i5290,TATATTAC,1001660005647,001,geometric,ROI1_exclusion sub2,ROI1_exclusion sub2-aoi-001,7443.363026,24/01/2020,A02,00MW,Hob5-BRA-5-FFPE-1-S86,OB00408,14pcw,272,13883-46,HCA_F_BRA8739281,0.021415314,EOMESpos,1,VZ
60,DSP1001660005647_A05,WTX,directPCR,NovaSeq,2x50,0,Sanger_DSP,1,PP08,A5,i7293,TGCCGTGT,i5293,CAGCAGCG,1001660005647,001,geometric,ROI1_Rest,ROI1_Rest-aoi-001,72010.60256,24/01/2020,A05,00MW,Hob5-BRA-5-FFPE-1-S86,OB00408,14pcw,948,13883-46,HCA_F_BRA8739305,0.021415314,Residual,1,VZ
59,DSP1001660005647_A04,WTX,directPCR,NovaSeq,2x50,0,Sanger_DSP,1,PP08,A4,i7292,AGTTAATT,i5292,AGGCCAAC,1001660005647,001,geometric,ROI1_Rings,ROI1_Rings-aoi-001,31654.69656,24/01/2020,A04,00MW,Hob5-BRA-5-FFPE-1-S86,OB00408,14pcw,704,13883-46,HCA_F_BRA8739297,0.021415314,Ring,1,VZ
61,DSP1001660005647_A06,WTX,directPCR,NovaSeq,2x50,0,Sanger_DSP,1,PP08,A6,i7294,AGGACCGG,i5294,CACTAATA,1001660005647,002,geometric,Geometric Segment,Geometric Segment-aoi-001,23518.00252,24/01/2020,A06,00MW,Hob5-BRA-5-FFPE-1-S86,OB00408,14pcw,220,13883-46,HCA_F_BRA8739313,0.004992063,Geometric,2,
62,DSP1001660005647_A07,WTX,directPCR,NovaSeq,2x50,0,Sanger_DSP,1,PP08,A7,i7295,AGATTGAA,i5295,ACAAGGTT,1001660005647,003,geometric,Geometric Segment,Geometric Segment-aoi-001,30202.67956,24/01/2020,A07,00MW,Hob5-BRA-5-FFPE-1-S86,OB00408,14pcw,411,13883-46,HCA_F_BRA8739321,0.016473807,Geometric,2,
63,DSP1001660005647_A08,WTX,directPCR,NovaSeq,2x50,0,Sanger_DSP,1,PP08,A8,i7296,TATCCTTA,i5296,GTTAACCT,1001660005647,004,geometric,Geometric Segment,Geometric Segment-aoi-001,48169.77173,24/01/2020,A08,00MW,Hob5-BRA-5-FFPE-1-S86,OB00408,14pcw,743,13883-46,HCA_F_BRA8739329,0.031449995,Geometric,2,
64,DSP1001660005647_A09,WTX,directPCR,NovaSeq,2x50,0,Sanger_DSP,1,PP08,A9,i7297,ACTGTCCT,i5297,ACAGACGT,1001660005647,005,geometric,Geometric Segment,Geometric Segment-aoi-001,87938.2723,24/01/2020,A09,00MW,Hob5-BRA-5-FFPE-1-S86,OB00408,14pcw,1069,13883-46,HCA_F_BRA8739337,0.059904751,Geometric,2,
65,DSP1001660005647_A10,WTX,directPCR,NovaSeq,2x50,0,Sanger_DSP,1,PP08,A10,i7298,TTGGTGTT,i5298,ATTGGACA,1001660005647,006,geometric,Geometric Segment,Geometric Segment-aoi-001,135103.7244,24/01/2020,A10,00MW,Hob5-BRA-5-FFPE-1-S86,OB00408,14pcw,1315,13883-46,HCA_F_BRA8739345,0.104833315,Geometric,2,
66,DSP1001660005647_A11,WTX,directPCR,NovaSeq,2x50,0,Sanger_DSP,1,PP08,A11,i7299,AATGCACA,i5299,AAGTTGGT,1001660005647,007,geometric,Geometric Segment,Geometric Segment-aoi-001,179063.152,24/01/2020,A11,00MW,Hob5-BRA-5-FFPE-1-S86,OB00408,14pcw,1400,13883-46,HCA_F_BRA8739353,0.167234098,Geometric,2,
67,DSP1001660005647_A12,WTX,directPCR,NovaSeq,2x50,0,Sanger_DSP,1,PP08,A12,i7300,CTCAACAA,i5300,TGTCTCTT,1001660005647,008,geometric,Geometric Segment,Geometric Segment-aoi-001,160842.6909,24/01/2020,A12,00MW,Hob5-BRA-5-FFPE-1-S86,OB00408,14pcw,1382,13883-46,HCA_F_BRA8739361,0.234626943,Geometric,2,
68,DSP1001660005647_B01,WTX,directPCR,NovaSeq,2x50,0,Sanger_DSP,1,PP08,B1,i7301,GTTCGCGG,i5301,TATCGTGC,1001660005647,009,geometric,Geometric Segment,Geometric Segment-aoi-001,256583.9365,24/01/2020,B01,00MW,Hob5-BRA-5-FFPE-1-S86,OB00408,14pcw,2087,13883-46,HCA_F_BRA8739274,0.32049042,Geometric,2,
69,DSP1001660005647_B02,WTX,directPCR,NovaSeq,2x50,0,Sanger_DSP,1,PP08,B2,i7302,AAGCGTAA,i5302,TCCGCTTA,1001660005647,010,geometric,Geometric Segment,Geometric Segment-aoi-001,380116.5157,24/01/2020,B02,00MW,Hob5-BRA-5-FFPE-1-S86,OB00408,14pcw,2314,13883-46,HCA_F_BRA8739282,0.444293573,Geometric,2,
70,DSP1001660005647_B03,WTX,directPCR,NovaSeq,2x50,0,Sanger_DSP,1,PP08,B3,i7303,GCAGATGA,i5303,AGCTATCT,1001660005647,011,geometric,Geometric Segment,Geometric Segment-aoi-001,342876.8105,24/01/2020,B03,00MW,Hob5-BRA-5-FFPE-1-S86,OB00408,14pcw,2193,13883-46,HCA_F_BRA8739290,0.591060214,Geometric,2,SP
71,DSP1001660005647_B04,WTX,directPCR,NovaSeq,2x50,0,Sanger_DSP,1,PP08,B4,i7304,TCTACCAA,i5304,AACCTACA,1001660005647,012,geometric,Geometric Segment,Geometric Segment-aoi-001,340956.8898,24/01/2020,B04,00MW,Hob5-BRA-5-FFPE-1-S86,OB00408,14pcw,2155,13883-46,HCA_F_BRA8739298,0.728841143,Geometric,2,SP
72,DSP1001660005647_B05,WTX,directPCR,NovaSeq,2x50,0,Sanger_DSP,1,PP08,B5,i7305,TTATGCCT,i5305,TACTTCCA,1001660005647,013,geometric,Geometric Segment,Geometric Segment-aoi-001,229393.9001,24/01/2020,B05,00MW,Hob5-BRA-5-FFPE-1-S86,OB00408,14pcw,1711,13883-46,HCA_F_BRA8739306,0.833674458,Geometric,2,CP
73,DSP1001660005647_B06,WTX,directPCR,NovaSeq,2x50,0,Sanger_DSP,1,PP08,B6,i7306,GCGGCTTG,i5306,GATATACA,1001660005647,014,geometric,Geometric Segment,Geometric Segment-aoi-001,130512.6165,24/01/2020,B06,00MW,Hob5-BRA-5-FFPE-1-S86,OB00408,14pcw,1205,13883-46,HCA_F_BRA8739314,0.968460148,Geometric,2,CP
74,DSP1001660005647_B07,WTX,directPCR,NovaSeq,2x50,0,Sanger_DSP,1,PP08,B7,i7587,CTGTAACT,i5587,CGCAGAGC,1001660005647,015,geometric,Geometric Segment,Geometric Segment-aoi-001,120777.725,24/01/2020,B07,00MW,Hob5-BRA-5-FFPE-1-S86,OB00408,14pcw,1257,13883-46,HCA_F_BRA8739322,0.908555397,Geometric,2,CP
76,DSP1001660005647_B09,WTX,directPCR,NovaSeq,2x50,0,Sanger_DSP,1,PP08,B9,i7309,TTCGCTAG,i5309,GTGAGTAA,1001660005647,016,exclusion_sub4,ROI16_exclusion sub4,ROI16_exclusion sub4-aoi-001,7066.545831,24/01/2020,B09,00MW,Hob5-BRA-5-FFPE-1-S86,OB00408,14pcw,233,13883-46,HCA_F_BRA8739338,0.097558654,HOPXpos,1,
75,DSP1001660005647_B08,WTX,directPCR,NovaSeq,2x50,0,Sanger_DSP,1,PP08,B8,i7308,CGGAAGCG,i5308,AGAACTTC,1001660005647,016,exclusion_sub2,ROI16_exclusion sub2,ROI16_exclusion sub2-aoi-001,12604.19576,24/01/2020,B08,00MW,Hob5-BRA-5-FFPE-1-S86,OB00408,14pcw,417,13883-46,HCA_F_BRA8739330,0.097558654,EOMESpos,1,
77,DSP1001660005647_B10,WTX,directPCR,NovaSeq,2x50,0,Sanger_DSP,1,PP08,B10,i7310,AAGGATTC,i5310,CAGGCGCT,1001660005647,016,ring,ROI16_Rings,ROI16_Rings-aoi-001,72686.25299,24/01/2020,B10,00MW,Hob5-BRA-5-FFPE-1-S86,OB00408,14pcw,1578,13883-46,HCA_F_BRA8739346,0.097558654,Ring,1,
78,DSP1001660005647_B11,WTX,directPCR,NovaSeq,2x50,0,Sanger_DSP,1,PP08,B11,i7311,CTTATACT,i5311,ACCGATAT,1001660005647,016,leftover,ROI16_Rest,ROI16_Rest-aoi-001,170269.2774,24/01/2020,B11,00MW,Hob5-BRA-5-FFPE-1-S86,OB00408,14pcw,2205,13883-46,HCA_F_BRA8739354,0.097558654,Residual,1,
79,DSP1001660005647_B12,WTX,directPCR,NovaSeq,2x50,0,Sanger_DSP,1,PP08,B12,i7312,GACCAGGC,i5312,GCAATAGG,1001660005647,017,exclusion_sub2,ROI17_exclusion sub2,ROI17_exclusion sub2-aoi-001,21123.70575,24/01/2020,B12,00MW,Hob5-BRA-5-FFPE-1-S86,OB00408,14pcw,525,13883-46,HCA_F_BRA8739362,0.209394185,EOMESpos,1,
80,DSP1001660005647_C01,WTX,directPCR,NovaSeq,2x50,0,Sanger_DSP,1,PP08,C1,i7313,GCGGAACG,i5313,CAACACCT,1001660005647,017,exclusion_sub4,ROI17_exclusion sub4,ROI17_exclusion sub4-aoi-001,24682.86807,24/01/2020,C01,00MW,Hob5-BRA-5-FFPE-1-S86,OB00408,14pcw,537,13883-46,HCA_F_BRA8739275,0.209394185,HOPXpos,1,
81,DSP1001660005647_C02,WTX,directPCR,NovaSeq,2x50,0,Sanger_DSP,1,PP08,C2,i7314,AGGCGTGC,i5314,TAGTTCTG,1001660005647,017,ring,ROI17_Rings,ROI17_Rings-aoi-001,117425.2044,24/01/2020,C02,00MW,Hob5-BRA-5-FFPE-1-S86,OB00408,14pcw,1923,13883-46,HCA_F_BRA8739283,0.209394185,Ring,1,
82,DSP1001660005647_C03,WTX,directPCR,NovaSeq,2x50,0,Sanger_DSP,1,PP08,C3,i7315,CTCTCTAT,i5315,TGCCTTCA,1001660005647,017,leftover,ROI17_Rest,ROI17_Rest-aoi-001,179236.0112,24/01/2020,C03,00MW,Hob5-BRA-5-FFPE-1-S86,OB00408,14pcw,1847,13883-46,HCA_F_BRA8739291,0.209394185,Residual,1,
84,DSP1001660005647_C05,WTX,directPCR,NovaSeq,2x50,0,Sanger_DSP,1,PP08,C5,i7317,AAGTGAAG,i5317,TGTTAACA,1001660005647,018,exclusion_sub4,ROI18_exclusion sub4,ROI18_exclusion sub4-aoi-001,37834.84584,24/01/2020,C05,00MW,Hob5-BRA-5-FFPE-1-S86,OB00408,14pcw,829,13883-46,HCA_F_BRA8739307,0.323609194,HOPXpos,1,
83,DSP1001660005647_C04,WTX,directPCR,NovaSeq,2x50,0,Sanger_DSP,1,PP08,C4,i7316,AGATATAC,i5316,CCTGGCTT,1001660005647,018,exclusion_sub2,ROI18_exclusion sub2,ROI18_exclusion sub2-aoi-001,24493.7491,24/01/2020,C04,00MW,Hob5-BRA-5-FFPE-1-S86,OB00408,14pcw,623,13883-46,HCA_F_BRA8739299,0.323609194,EOMESpos,1,
86,DSP1001660005647_C07,WTX,directPCR,NovaSeq,2x50,0,Sanger_DSP,1,PP08,C7,i7319,ATTAACGC,i5319,GACCGGAC,1001660005647,018,leftover,ROI18_Rest,ROI18_Rest-aoi-001,90374.56042,24/01/2020,C07,00MW,Hob5-BRA-5-FFPE-1-S86,OB00408,14pcw,1204,13883-46,HCA_F_BRA8739323,0.323609194,Residual,1,
85,DSP1001660005647_C06,WTX,directPCR,NovaSeq,2x50,0,Sanger_DSP,1,PP08,C6,i7318,TAACGGTT,i5318,ACCGCCAC,1001660005647,018,ring,ROI18_Rings,ROI18_Rings-aoi-001,122371.9759,24/01/2020,C06,00MW,Hob5-BRA-5-FFPE-1-S86,OB00408,14pcw,2065,13883-46,HCA_F_BRA8739315,0.323609194,Ring,1,
87,DSP1001660005647_C08,WTX,directPCR,NovaSeq,2x50,0,Sanger_DSP,1,PP08,C8,i7320,GCGTGCCT,i5320,AGTGTAGT,1001660005647,019,exclusion_sub2,ROI19_exclusion sub2,ROI19_exclusion sub2-aoi-001,16225.39794,24/01/2020,C08,00MW,Hob5-BRA-5-FFPE-1-S86,OB00408,14pcw,381,13883-46,HCA_F_BRA8739331,0.45210108,EOMESpos,1,
88,DSP1001660005647_C09,WTX,directPCR,NovaSeq,2x50,0,Sanger_DSP,1,PP08,C9,i7321,ACACCGAT,i5321,GTTGAAGC,1001660005647,019,exclusion_sub4,ROI19_exclusion sub4,ROI19_exclusion sub4-aoi-001,26028.17018,24/01/2020,C09,00MW,Hob5-BRA-5-FFPE-1-S86,OB00408,14pcw,546,13883-46,HCA_F_BRA8739339,0.45210108,HOPXpos,1,
89,DSP1001660005647_C10,WTX,directPCR,NovaSeq,2x50,0,Sanger_DSP,1,PP08,C10,i7322,CGTGGCTT,i5322,ATCATTAA,1001660005647,019,ring,ROI19_Rings,ROI19_Rings-aoi-001,101626.666,24/01/2020,C10,00MW,Hob5-BRA-5-FFPE-1-S86,OB00408,14pcw,1452,13883-46,HCA_F_BRA8739347,0.45210108,Ring,1,
90,DSP1001660005647_C11,WTX,directPCR,NovaSeq,2x50,0,Sanger_DSP,1,PP08,C11,i7323,TCTCACTT,i5323,GACCGTGT,1001660005647,019,leftover,ROI19_Rest,ROI19_Rest-aoi-001,269889.6721,24/01/2020,C11,00MW,Hob5-BRA-5-FFPE-1-S86,OB00408,14pcw,1727,13883-46,HCA_F_BRA8739355,0.45210108,Residual,1,
91,DSP1001660005647_C12,WTX,directPCR,NovaSeq,2x50,0,Sanger_DSP,1,PP08,C12,i7324,AATATAAC,i5324,GTTGGCCG,1001660005647,020,geometric,Geometric Segment,Geometric Segment-aoi-001,18833.12448,24/01/2020,C12,00MW,Hob5-BRA-5-FFPE-1-S86,OB00408,14pcw,194,13883-46,HCA_F_BRA8739363,0.004346173,Geometric,5,
92,DSP1001660005647_D01,WTX,directPCR,NovaSeq,2x50,0,Sanger_DSP,1,PP08,D1,i7325,CTGGTATA,i5325,GAAGTTGT,1001660005647,021,exclusion_sub2,ROI21_exclusion sub2,ROI21_exclusion sub2-aoi-001,7744.564202,24/01/2020,D01,00MW,Hob5-BRA-5-FFPE-1-S86,OB00408,14pcw,277,13883-46,HCA_F_BRA8739276,0.021784119,EOMESpos,3,
94,DSP1001660005647_D03,WTX,directPCR,NovaSeq,2x50,0,Sanger_DSP,1,PP08,D3,i7327,TGTAGTAA,i5327,CAAGCTTA,1001660005647,021,ring,ROI21_Rings,ROI21_Rings-aoi-001,39163.88814,24/01/2020,D03,00MW,Hob5-BRA-5-FFPE-1-S86,OB00408,14pcw,877,13883-46,HCA_F_BRA8739292,0.021784119,Ring,3,
95,DSP1001660005647_D04,WTX,directPCR,NovaSeq,2x50,0,Sanger_DSP,1,PP08,D4,i7328,ATGGCACG,i5328,CAGAGGAC,1001660005647,021,leftover,ROI21_Rest,ROI21_Rest-aoi-001,54877.18094,24/01/2020,D04,00MW,Hob5-BRA-5-FFPE-1-S86,OB00408,14pcw,757,13883-46,HCA_F_BRA8739300,0.021784119,Residual,3,
93,DSP1001660005647_D02,WTX,directPCR,NovaSeq,2x50,0,Sanger_DSP,1,PP08,D2,i7326,ACACTCTT,i5326,TTCTAATG,1001660005647,021,exclusion_sub4,ROI21_exclusion sub4,ROI21_exclusion sub4-aoi-001,5683.041058,24/01/2020,D02,00MW,Hob5-BRA-5-FFPE-1-S86,OB00408,14pcw,210,13883-46,HCA_F_BRA8739284,0.021784119,HOPXpos,3,
97,DSP1001660005647_D06,WTX,directPCR,NovaSeq,2x50,0,Sanger_DSP,1,PP08,D6,i7330,GTATAGGC,i5330,TGCCTAAT,1001660005647,022,exclusion_sub4,ROI22_exclusion sub4,ROI22_exclusion sub4-aoi-001,4989.394324,24/01/2020,D06,00MW,Hob5-BRA-5-FFPE-1-S86,OB00408,14pcw,168,13883-46,HCA_F_BRA8739316,0.084958066,HOPXpos,3,
96,DSP1001660005647_D05,WTX,directPCR,NovaSeq,2x50,0,Sanger_DSP,1,PP08,D5,i7329,CGGCTCGA,i5329,GTAACGGT,1001660005647,022,exclusion_sub2,ROI22_exclusion sub2,ROI22_exclusion sub2-aoi-001,8082.231558,24/01/2020,D05,00MW,Hob5-BRA-5-FFPE-1-S86,OB00408,14pcw,276,13883-46,HCA_F_BRA8739308,0.084958066,EOMESpos,3,
99,DSP1001660005647_D08,WTX,directPCR,NovaSeq,2x50,0,Sanger_DSP,1,PP08,D8,i7332,CAGCCTTG,i5332,GTTGGTTA,1001660005647,022,leftover,ROI22_Rest,ROI22_Rest-aoi-001,115217.6587,24/01/2020,D08,00MW,Hob5-BRA-5-FFPE-1-S86,OB00408,14pcw,1374,13883-46,HCA_F_BRA8739332,0.084958066,Residual,3,
98,DSP1001660005647_D07,WTX,directPCR,NovaSeq,2x50,0,Sanger_DSP,1,PP08,D7,i7331,TTGCCAAG,i5331,ACCGTCGG,1001660005647,022,ring,ROI22_Rings,ROI22_Rings-aoi-001,49114.89303,24/01/2020,D07,00MW,Hob5-BRA-5-FFPE-1-S86,OB00408,14pcw,1014,13883-46,HCA_F_BRA8739324,0.084958066,Ring,3,
103,DSP1001660005647_D12,WTX,directPCR,NovaSeq,2x50,0,Sanger_DSP,1,PP08,D12,i7336,TGATCGGC,i5336,TGTCCAAG,1001660005647,023,leftover,ROI23_Rest,ROI23_Rest-aoi-001,174374.9589,24/01/2020,D12,00MW,Hob5-BRA-5-FFPE-1-S86,OB00408,14pcw,1875,13883-46,HCA_F_BRA8739364,0.190611045,Residual,3,
101,DSP1001660005647_D10,WTX,directPCR,NovaSeq,2x50,0,Sanger_DSP,1,PP08,D10,i7334,CTTAACTT,i5334,AACGGTAC,1001660005647,023,exclusion_sub4,ROI23_exclusion sub4,ROI23_exclusion sub4-aoi-001,23486.27221,24/01/2020,D10,00MW,Hob5-BRA-5-FFPE-1-S86,OB00408,14pcw,587,13883-46,HCA_F_BRA8739348,0.190611045,HOPXpos,3,
100,DSP1001660005647_D09,WTX,directPCR,NovaSeq,2x50,0,Sanger_DSP,1,PP08,D9,i7333,CCAAGGCG,i5333,GCTACTTA,1001660005647,023,exclusion_sub2,ROI23_exclusion sub2,ROI23_exclusion sub2-aoi-001,15989.7096,24/01/2020,D09,00MW,Hob5-BRA-5-FFPE-1-S86,OB00408,14pcw,465,13883-46,HCA_F_BRA8739340,0.190611045,EOMESpos,3,
102,DSP1001660005647_D11,WTX,directPCR,NovaSeq,2x50,0,Sanger_DSP,1,PP08,D11,i7335,CGTGTTAC,i5335,GTATTGTG,1001660005647,023,ring,ROI23_Rings,ROI23_Rings-aoi-001,105824.3811,24/01/2020,D11,00MW,Hob5-BRA-5-FFPE-1-S86,OB00408,14pcw,1894,13883-46,HCA_F_BRA8739356,0.190611045,Ring,3,
105,DSP1001660005647_E02,WTX,directPCR,NovaSeq,2x50,0,Sanger_DSP,1,PP08,E2,i7338,AAGATTGC,i5338,GAGGACCG,1001660005647,024,exclusion_sub4,ROI24_exclusion sub4,ROI24_exclusion sub4-aoi-001,38474.34582,24/01/2020,E02,00MW,Hob5-BRA-5-FFPE-1-S86,OB00408,14pcw,941,13883-46,HCA_F_BRA8739285,0.326761791,HOPXpos,3,
106,DSP1001660005647_E03,WTX,directPCR,NovaSeq,2x50,0,Sanger_DSP,1,PP08,E3,i7339,GCCAGAGT,i5339,CTTGGTGC,1001660005647,024,ring,ROI24_Rings,ROI24_Rings-aoi-001,136279.3246,24/01/2020,E03,00MW,Hob5-BRA-5-FFPE-1-S86,OB00408,14pcw,2318,13883-46,HCA_F_BRA8739293,0.326761791,Ring,3,
104,DSP1001660005647_E01,WTX,directPCR,NovaSeq,2x50,0,Sanger_DSP,1,PP08,E1,i7337,ATGGACAC,i5337,TGCTCACT,1001660005647,024,exclusion_sub2,ROI24_exclusion sub2,ROI24_exclusion sub2-aoi-001,33377.28944,24/01/2020,E01,00MW,Hob5-BRA-5-FFPE-1-S86,OB00408,14pcw,768,13883-46,HCA_F_BRA8739277,0.326761791,EOMESpos,3,
107,DSP1001660005647_E04,WTX,directPCR,NovaSeq,2x50,0,Sanger_DSP,1,PP08,E4,i7340,GCTGGATT,i5340,TTCCGAAC,1001660005647,024,leftover,ROI24_Rest,ROI24_Rest-aoi-001,88370.81486,24/01/2020,E04,00MW,Hob5-BRA-5-FFPE-1-S86,OB00408,14pcw,1219,13883-46,HCA_F_BRA8739301,0.326761791,Residual,3,
109,DSP1001660005647_E06,WTX,directPCR,NovaSeq,2x50,0,Sanger_DSP,1,PP08,E6,i7342,TTCCTTGG,i5342,GTCCAGGT,1001660005647,025,exclusion_sub4,ROI25_exclusion sub4,ROI25_exclusion sub4-aoi-001,32819.24639,24/01/2020,E06,00MW,Hob5-BRA-5-FFPE-1-S86,OB00408,14pcw,685,13883-46,HCA_F_BRA8739317,0.465635552,HOPXpos,3,
110,DSP1001660005647_E07,WTX,directPCR,NovaSeq,2x50,0,Sanger_DSP,1,PP08,E7,i7343,ATATCCAC,i5343,TGTTCCAA,1001660005647,025,ring,ROI25_Rings,ROI25_Rings-aoi-001,108332.6544,24/01/2020,E07,00MW,Hob5-BRA-5-FFPE-1-S86,OB00408,14pcw,1516,13883-46,HCA_F_BRA8739325,0.465635552,Ring,3,
111,DSP1001660005647_E08,WTX,directPCR,NovaSeq,2x50,0,Sanger_DSP,1,PP08,E8,i7344,AAGTATAT,i5344,CACCTGGA,1001660005647,025,leftover,ROI25_Rest,ROI25_Rest-aoi-001,230391.7474,24/01/2020,E08,00MW,Hob5-BRA-5-FFPE-1-S86,OB00408,14pcw,1698,13883-46,HCA_F_BRA8739333,0.465635552,Residual,3,
108,DSP1001660005647_E05,WTX,directPCR,NovaSeq,2x50,0,Sanger_DSP,1,PP08,E5,i7341,TTACCTGC,i5341,TGTGAAGG,1001660005647,025,exclusion_sub2,ROI25_exclusion sub2,ROI25_exclusion sub2-aoi-001,14594.99661,24/01/2020,E05,00MW,Hob5-BRA-5-FFPE-1-S86,OB00408,14pcw,384,13883-46,HCA_F_BRA8739309,0.465635552,EOMESpos,3,
112,DSP1001660005647_E09,WTX,directPCR,NovaSeq,2x50,0,Sanger_DSP,1,PP08,E9,i7345,CCGGAAGC,i5345,AGCCAATT,1001660005647,026,geometric,Geometric Segment,Geometric Segment-aoi-001,43067.03231,24/01/2020,E09,00MW,Hob5-BRA-5-FFPE-1-S86,OB00408,14pcw,551,13883-46,HCA_F_BRA8739341,0.032596295,Geometric,6,
113,DSP1001660005647_E10,WTX,directPCR,NovaSeq,2x50,0,Sanger_DSP,1,PP08,E10,i7346,TTCCAATC,i5346,GCTGTGCA,1001660005647,027,geometric,Geometric Segment,Geometric Segment-aoi-001,23925.60285,24/01/2020,E10,00MW,Hob5-BRA-5-FFPE-1-S86,OB00408,14pcw,360,13883-46,HCA_F_BRA8739349,0.015211604,Geometric,6,
114,DSP1001660005647_E11,WTX,directPCR,NovaSeq,2x50,0,Sanger_DSP,1,PP08,E11,i7347,CTCATGGA,i5347,CTGTAAGC,1001660005647,028,geometric,Geometric Segment,Geometric Segment-aoi-001,112450.9649,24/01/2020,E11,00MW,Hob5-BRA-5-FFPE-1-S86,OB00408,14pcw,836,13883-46,HCA_F_BRA8739357,0.097788885,Geometric,6,
115,DSP1001660005647_E12,WTX,directPCR,NovaSeq,2x50,0,Sanger_DSP,1,PP08,E12,i7348,CTAGTCCT,i5348,CGGTCTCG,1001660005647,029,geometric,Geometric Segment,Geometric Segment-aoi-001,214079.3673,24/01/2020,E12,00MW,Hob5-BRA-5-FFPE-1-S86,OB00408,14pcw,1738,13883-46,HCA_F_BRA8739365,0.303145542,Geometric,6,
116,DSP1001660005647_F01,WTX,directPCR,NovaSeq,2x50,0,Sanger_DSP,1,PP08,F1,i7349,GCTCTTAT,i5349,CTCTCAAT,1001660005647,030,geometric,Geometric Segment,Geometric Segment-aoi-001,208959.8945,24/01/2020,F01,00MW,Hob5-BRA-5-FFPE-1-S86,OB00408,14pcw,1351,13883-46,HCA_F_BRA8739278,0.41560276,Geometric,6,SP
117,DSP1001660005647_F02,WTX,directPCR,NovaSeq,2x50,0,Sanger_DSP,1,PP08,F2,i7350,AGTTATGA,i5350,TGGATCTA,1001660005647,031,geometric,Geometric Segment,Geometric Segment-aoi-001,258991.9672,24/01/2020,F02,00MW,Hob5-BRA-5-FFPE-1-S86,OB00408,14pcw,1348,13883-46,HCA_F_BRA8739286,0.554137013,Geometric,6,SP
118,DSP1001660005647_F03,WTX,directPCR,NovaSeq,2x50,0,Sanger_DSP,1,PP08,F3,i7351,AGCGCAGT,i5351,CGTTGGAC,1001660005647,032,geometric,Geometric Segment,Geometric Segment-aoi-001,60265.8089,24/01/2020,F03,00MW,Hob5-BRA-5-FFPE-1-S86,OB00408,14pcw,585,13883-46,HCA_F_BRA8739294,0.057043516,Geometric,6,
119,DSP1001660005647_F04,WTX,directPCR,NovaSeq,2x50,0,Sanger_DSP,1,PP08,F4,i7352,AAGGCGGC,i5352,CCGCACAT,1001660005647,033,geometric,Geometric Segment,Geometric Segment-aoi-001,133110.5556,24/01/2020,F04,00MW,Hob5-BRA-5-FFPE-1-S86,OB00408,14pcw,911,13883-46,HCA_F_BRA8739302,0.154289129,Geometric,6,
120,DSP1001660005647_F05,WTX,directPCR,NovaSeq,2x50,0,Sanger_DSP,1,PP08,F5,i7353,TTCACCTA,i5353,CACCGCCA,1001660005647,034,geometric,Geometric Segment,Geometric Segment-aoi-001,132119.4964,24/01/2020,F05,00MW,Hob5-BRA-5-FFPE-1-S86,OB00408,14pcw,1092,13883-46,HCA_F_BRA8739310,0.217308633,Geometric,6,
121,DSP1001660005647_F06,WTX,directPCR,NovaSeq,2x50,0,Sanger_DSP,1,PP08,F6,i7354,TGAGAAGG,i5354,GAGCATAC,1001660005647,035,geometric,Geometric Segment,Geometric Segment-aoi-001,274784.349,24/01/2020,F06,00MW,Hob5-BRA-5-FFPE-1-S86,OB00408,14pcw,2054,13883-46,HCA_F_BRA8739318,0.717118488,Geometric,6,CP
122,DSP1001660005647_F07,WTX,directPCR,NovaSeq,2x50,0,Sanger_DSP,1,PP08,F7,i7355,TGGTTGCT,i5355,AACAAGGT,1001660005647,036,geometric,Geometric Segment,Geometric Segment-aoi-001,87601.23639,24/01/2020,F07,00MW,Hob5-BRA-5-FFPE-1-S86,OB00408,14pcw,992,13883-46,HCA_F_BRA8739326,0.825772804,Geometric,6,CP
123,DSP1001660005647_F08,WTX,directPCR,NovaSeq,2x50,0,Sanger_DSP,1,PP08,F8,i7356,AAGGAACT,i5356,TGAGGTGC,1001660005647,037,geometric,Geometric Segment,Geometric Segment-aoi-001,134228.0625,24/01/2020,F08,00MW,Hob5-BRA-5-FFPE-1-S86,OB00408,14pcw,1292,13883-46,HCA_F_BRA8739334,0.967023415,Geometric,6,CP
124,DSP1001660005647_F09,WTX,directPCR,NovaSeq,2x50,0,Sanger_DSP,1,PP08,F9,i7357,CTCGACTC,i5357,ATAATCTC,1001660005647,038,geometric,Geometric Segment,Geometric Segment-aoi-001,137826.3746,24/01/2020,F09,00MW,Hob5-BRA-5-FFPE-1-S86,OB00408,14pcw,1736,13883-46,HCA_F_BRA8739342,0.890965394,Geometric,6,CP
2,DSP1001660005648_A03,WTX,directPCR,NovaSeq,2x50,0,Sanger_DSP,1,PP06,F11,i7581,CTTGGTTC,i5581,AATATGTA,1001660005648,001,exclusion_sub4,ROI1_exclusion sub4,ROI1_exclusion sub4-aoi-001,2291.844169,24/01/2020,A03,00MV-2,Hob8-BRA-5-FFPE-1-S73,OB00386,19pcw,58,15026-26,HCA_F_BRA8739166,0.101035799,HOPXpos,1,
1,DSP1001660005648_A02,WTX,directPCR,NovaSeq,2x50,0,Sanger_DSP,1,PP06,A1,i7097,GCTGCCGT,i5097,CCACAACA,1001660005648,001,exclusion_sub2,ROI1_exclusion sub2,ROI1_exclusion sub2-aoi-001,11652.28638,24/01/2020,A02,00MV-2,Hob8-BRA-5-FFPE-1-S73,OB00386,19pcw,360,15026-26,HCA_F_BRA8739081,0.101035799,EOMESpos,1,
3,DSP1001660005648_A04,WTX,directPCR,NovaSeq,2x50,0,Sanger_DSP,1,PP06,F12,i7168,CTAGTTAG,i5168,TGCGACCG,1001660005648,001,ring,ROI1_ring,ROI1_ring-aoi-001,51139.47641,24/01/2020,A04,00MV-2,Hob8-BRA-5-FFPE-1-S73,OB00386,19pcw,1032,15026-26,HCA_F_BRA8739174,0.101035799,Ring,1,
4,DSP1001660005648_A05,WTX,directPCR,NovaSeq,2x50,0,Sanger_DSP,1,PP07,A1,i7193,TCCGCAAT,i5193,ATCCGCAA,1001660005648,001,leftover,ROI1_leftover,ROI1_leftover-aoi-001,166244.1057,24/01/2020,A05,00MV-2,Hob8-BRA-5-FFPE-1-S73,OB00386,19pcw,1711,15026-26,HCA_F_BRA8739177,0.101035799,Residual,1,
8,DSP1001660005648_A09,WTX,directPCR,NovaSeq,2x50,0,Sanger_DSP,1,PP08,F12,i7360,AAGCGGCG,i5360,GTCCGAGG,1001660005648,002,leftover,ROI2_leftover,ROI2_leftover-aoi-001,120130.332,24/01/2020,A09,00MV-2,Hob8-BRA-5-FFPE-1-S73,OB00386,19pcw,1546,15026-26,HCA_F_BRA8739366,0.035648995,Residual,1,
6,DSP1001660005648_A07,WTX,directPCR,NovaSeq,2x50,0,Sanger_DSP,1,PP08,F10,i7358,CAATTGCG,i5358,TCCGGTCT,1001660005648,002,exclusion_sub4,ROI2_exclusion sub4,ROI2_exclusion sub4-aoi-001,693.0152846,24/01/2020,A07,00MV-2,Hob8-BRA-5-FFPE-1-S73,OB00386,19pcw,20,15026-26,HCA_F_BRA8739350,0.035648995,HOPXpos,1,
5,DSP1001660005648_A06,WTX,directPCR,NovaSeq,2x50,0,Sanger_DSP,1,PP08,A1,i7289,ATGCTGCA,i5289,CCAGAGTG,1001660005648,002,exclusion_sub2,ROI2_exclusion sub2,ROI2_exclusion sub2-aoi-001,11195.59088,24/01/2020,A06,00MV-2,Hob8-BRA-5-FFPE-1-S73,OB00386,19pcw,356,15026-26,HCA_F_BRA8739273,0.035648995,EOMESpos,1,
7,DSP1001660005648_A08,WTX,directPCR,NovaSeq,2x50,0,Sanger_DSP,1,PP08,F11,i7359,GTGAGATT,i5359,ATTGCAAG,1001660005648,002,ring,ROI2_ring,ROI2_ring-aoi-001,39294.28236,24/01/2020,A08,00MV-2,Hob8-BRA-5-FFPE-1-S73,OB00386,19pcw,931,15026-26,HCA_F_BRA8739358,0.035648995,Ring,1,
10,DSP1001660005648_A11,WTX,directPCR,NovaSeq,2x50,0,Sanger_DSP,1,PP08,H11,i7383,GCGCCACT,i5383,AGTGGTAT,1001660005648,003,exclusion_sub4,ROI3_exclusion sub4,ROI3_exclusion sub4-aoi-001,19647.06225,24/01/2020,A11,00MV-2,Hob8-BRA-5-FFPE-1-S73,OB00386,19pcw,290,15026-26,HCA_F_BRA8739360,0.213701617,HOPXpos,1,
9,DSP1001660005648_A10,WTX,directPCR,NovaSeq,2x50,0,Sanger_DSP,1,PP08,H10,i7382,AGAACACA,i5382,TTGCGGCG,1001660005648,003,exclusion_sub2,ROI3_exclusion sub2,ROI3_exclusion sub2-aoi-001,19511.14285,24/01/2020,A10,00MV-2,Hob8-BRA-5-FFPE-1-S73,OB00386,19pcw,430,15026-26,HCA_F_BRA8739352,0.213701617,EOMESpos,1,
11,DSP1001660005648_A12,WTX,directPCR,NovaSeq,2x50,0,Sanger_DSP,1,PP08,H12,i7384,GATAGGCG,i5384,GCATTCAA,1001660005648,003,ring,ROI3_ring,ROI3_ring-aoi-001,115851.4756,24/01/2020,A12,00MV-2,Hob8-BRA-5-FFPE-1-S73,OB00386,19pcw,1943,15026-26,HCA_F_BRA8739368,0.213701617,Ring,1,
12,DSP1001660005648_B01,WTX,directPCR,NovaSeq,2x50,0,Sanger_DSP,1,PP06,G1,i7169,TCACAGCA,i5169,CCTCGCGA,1001660005648,003,leftover,ROI3_leftover,ROI3_leftover-aoi-001,252222.676,24/01/2020,B01,00MV-2,Hob8-BRA-5-FFPE-1-S73,OB00386,19pcw,2890,15026-26,HCA_F_BRA8739087,0.213701617,Residual,1,
13,DSP1001660005648_B02,WTX,directPCR,NovaSeq,2x50,0,Sanger_DSP,1,PP06,G2,i7170,CTTCCAGG,i5170,TCCTTCTC,1001660005648,004,exclusion_sub2,ROI4_exclusion sub2,ROI4_exclusion sub2-aoi-001,14478.65213,24/01/2020,B02,00MV-2,Hob8-BRA-5-FFPE-1-S73,OB00386,19pcw,334,15026-26,HCA_F_BRA8739095,0.312556787,EOMESpos,1,
14,DSP1001660005648_B03,WTX,directPCR,NovaSeq,2x50,0,Sanger_DSP,1,PP06,G3,i7171,CAATTATA,i5171,GCTAGTCG,1001660005648,004,exclusion_sub4,ROI4_exclusion sub4,ROI4_exclusion sub4-aoi-001,19039.92403,24/01/2020,B03,00MV-2,Hob8-BRA-5-FFPE-1-S73,OB00386,19pcw,248,15026-26,HCA_F_BRA8739103,0.312556787,HOPXpos,1,
15,DSP1001660005648_B04,WTX,directPCR,NovaSeq,2x50,0,Sanger_DSP,1,PP06,G4,i7172,TTGTGAGA,i5172,GTTCAACA,1001660005648,004,ring,ROI4_ring,ROI4_ring-aoi-001,73859.95883,24/01/2020,B04,00MV-2,Hob8-BRA-5-FFPE-1-S73,OB00386,19pcw,1461,15026-26,HCA_F_BRA8739111,0.312556787,Ring,1,
16,DSP1001660005648_B05,WTX,directPCR,NovaSeq,2x50,0,Sanger_DSP,1,PP06,G5,i7173,GCGAGTAG,i5173,CGAACCGG,1001660005648,004,leftover,ROI4_leftover,ROI4_leftover-aoi-001,78141.65668,24/01/2020,B05,00MV-2,Hob8-BRA-5-FFPE-1-S73,OB00386,19pcw,1232,15026-26,HCA_F_BRA8739119,0.312556787,Residual,1,
17,DSP1001660005648_B06,WTX,directPCR,NovaSeq,2x50,0,Sanger_DSP,1,PP06,G6,i7582,TGCGCGCT,i5582,TAGCGCAG,1001660005648,005,exclusion_sub2,ROI5_exclusion sub2,ROI5_exclusion sub2-aoi-001,13889.98379,24/01/2020,B06,00MV-2,Hob8-BRA-5-FFPE-1-S73,OB00386,19pcw,327,15026-26,HCA_F_BRA8739127,0.392513175,EOMESpos,1,
18,DSP1001660005648_B07,WTX,directPCR,NovaSeq,2x50,0,Sanger_DSP,1,PP06,G7,i7175,ACGGCATC,i5175,GAGAGAGC,1001660005648,005,exclusion_sub4,ROI5_exclusion sub4,ROI5_exclusion sub4-aoi-001,16553.90929,24/01/2020,B07,00MV-2,Hob8-BRA-5-FFPE-1-S73,OB00386,19pcw,305,15026-26,HCA_F_BRA8739135,0.392513175,HOPXpos,1,
19,DSP1001660005648_B08,WTX,directPCR,NovaSeq,2x50,0,Sanger_DSP,1,PP06,G8,i7176,CTAGAGGA,i5176,CCGGCTGT,1001660005648,005,ring,ROI5_ring,ROI5_ring-aoi-001,70624.88771,24/01/2020,B08,00MV-2,Hob8-BRA-5-FFPE-1-S73,OB00386,19pcw,1281,15026-26,HCA_F_BRA8739143,0.392513175,Ring,1,
20,DSP1001660005648_B09,WTX,directPCR,NovaSeq,2x50,0,Sanger_DSP,1,PP06,G9,i7177,TCCGCCTC,i5177,CTCATCGG,1001660005648,005,leftover,ROI5_leftover,ROI5_leftover-aoi-001,214771.909,24/01/2020,B09,00MV-2,Hob8-BRA-5-FFPE-1-S73,OB00386,19pcw,1984,15026-26,HCA_F_BRA8739151,0.392513175,Residual,1,
22,DSP1001660005648_B11,WTX,directPCR,NovaSeq,2x50,0,Sanger_DSP,1,PP06,G11,i7179,GAGACTCA,i5179,TTAAGAAG,1001660005648,006,exclusion_sub4,ROI6_exclusion sub4,ROI6_exclusion sub4-aoi-001,5001.391856,24/01/2020,B11,00MV-2,Hob8-BRA-5-FFPE-1-S73,OB00386,19pcw,113,15026-26,HCA_F_BRA8739167,0.101035799,HOPXpos,3,
21,DSP1001660005648_B10,WTX,directPCR,NovaSeq,2x50,0,Sanger_DSP,1,PP06,G10,i7178,AGTGTGTT,i5178,ACAGGCTC,1001660005648,006,exclusion_sub2,ROI6_exclusion sub2,ROI6_exclusion sub2-aoi-001,17286.39014,24/01/2020,B10,00MV-2,Hob8-BRA-5-FFPE-1-S73,OB00386,19pcw,448,15026-26,HCA_F_BRA8739159,0.101035799,EOMESpos,3,
23,DSP1001660005648_B12,WTX,directPCR,NovaSeq,2x50,0,Sanger_DSP,1,PP06,G12,i7180,AGGCCGAG,i5180,TGTAAGGA,1001660005648,006,ring,ROI6_ring,ROI6_ring-aoi-001,67523.84164,24/01/2020,B12,00MV-2,Hob8-BRA-5-FFPE-1-S73,OB00386,19pcw,1146,15026-26,HCA_F_BRA8739175,0.101035799,Ring,3,
24,DSP1001660005648_C01,WTX,directPCR,NovaSeq,2x50,0,Sanger_DSP,1,PP06,H1,i7181,CGCTATCA,i5181,TTAACTTA,1001660005648,006,leftover,ROI6_leftover,ROI6_leftover-aoi-001,166367.8697,24/01/2020,C01,00MV-2,Hob8-BRA-5-FFPE-1-S73,OB00386,19pcw,1475,15026-26,HCA_F_BRA8739088,0.101035799,Residual,3,
26,DSP1001660005648_C03,WTX,directPCR,NovaSeq,2x50,0,Sanger_DSP,1,PP06,H3,i7183,TATGTATA,i5183,TGTGTGGC,1001660005648,007,exclusion_sub4,ROI7_exclusion sub4,ROI7_exclusion sub4-aoi-001,2572.681114,24/01/2020,C03,00MV-2,Hob8-BRA-5-FFPE-1-S73,OB00386,19pcw,80,15026-26,HCA_F_BRA8739104,0.028457205,HOPXpos,3,
25,DSP1001660005648_C02,WTX,directPCR,NovaSeq,2x50,0,Sanger_DSP,1,PP06,H2,i7583,TGGCAAGC,i5583,CTACAGAC,1001660005648,007,exclusion_sub2,ROI7_exclusion sub2,ROI7_exclusion sub2-aoi-001,12542.15589,24/01/2020,C02,00MV-2,Hob8-BRA-5-FFPE-1-S73,OB00386,19pcw,379,15026-26,HCA_F_BRA8739096,0.028457205,EOMESpos,3,
27,DSP1001660005648_C04,WTX,directPCR,NovaSeq,2x50,0,Sanger_DSP,1,PP06,H4,i7184,TCTAAGGC,i5184,ACCGTGTC,1001660005648,007,ring,ROI7_ring,ROI7_ring-aoi-001,44697.59151,24/01/2020,C04,00MV-2,Hob8-BRA-5-FFPE-1-S73,OB00386,19pcw,937,15026-26,HCA_F_BRA8739112,0.028457205,Ring,3,
28,DSP1001660005648_C05,WTX,directPCR,NovaSeq,2x50,0,Sanger_DSP,1,PP06,H5,i7185,CTAGCTCA,i5185,ATTCATGA,1001660005648,007,leftover,ROI7_leftover,ROI7_leftover-aoi-001,90458.06956,24/01/2020,C05,00MV-2,Hob8-BRA-5-FFPE-1-S73,OB00386,19pcw,1146,15026-26,HCA_F_BRA8739120,0.028457205,Residual,3,
29,DSP1001660005648_C06,WTX,directPCR,NovaSeq,2x50,0,Sanger_DSP,1,PP06,H6,i7186,GTCTGTAG,i5186,GCTTGCCA,1001660005648,008,exclusion_sub2,ROI8_exclusion sub2,ROI8_exclusion sub2-aoi-001,17076.59121,24/01/2020,C06,00MV-2,Hob8-BRA-5-FFPE-1-S73,OB00386,19pcw,395,15026-26,HCA_F_BRA8739128,0.213701617,EOMESpos,3,
30,DSP1001660005648_C07,WTX,directPCR,NovaSeq,2x50,0,Sanger_DSP,1,PP06,H7,i7187,CTGCGCTA,i5187,AGCGCGCA,1001660005648,008,exclusion_sub4,ROI8_exclusion sub4,ROI8_exclusion sub4-aoi-001,29090.69786,24/01/2020,C07,00MV-2,Hob8-BRA-5-FFPE-1-S73,OB00386,19pcw,433,15026-26,HCA_F_BRA8739136,0.213701617,HOPXpos,3,
31,DSP1001660005648_C08,WTX,directPCR,NovaSeq,2x50,0,Sanger_DSP,1,PP06,H8,i7188,TACATATT,i5188,GAACCAAG,1001660005648,008,ring,ROI8_ring,ROI8_ring-aoi-001,122332.5104,24/01/2020,C08,00MV-2,Hob8-BRA-5-FFPE-1-S73,OB00386,19pcw,2056,15026-26,HCA_F_BRA8739144,0.213701617,Ring,3,
32,DSP1001660005648_C09,WTX,directPCR,NovaSeq,2x50,0,Sanger_DSP,1,PP06,H9,i7189,CTGTACGC,i5189,AATTGAAC,1001660005648,008,leftover,ROI8_leftover,ROI8_leftover-aoi-001,201189.9145,24/01/2020,C09,00MV-2,Hob8-BRA-5-FFPE-1-S73,OB00386,19pcw,2383,15026-26,HCA_F_BRA8739152,0.213701617,Residual,3,
33,DSP1001660005648_C10,WTX,directPCR,NovaSeq,2x50,0,Sanger_DSP,1,PP06,H10,i7190,GCTACGAT,i5190,AGAGCCAA,1001660005648,009,exclusion_sub2,ROI9_exclusion sub2,ROI9_exclusion sub2-aoi-001,13527.84779,24/01/2020,C10,00MV-2,Hob8-BRA-5-FFPE-1-S73,OB00386,19pcw,328,15026-26,HCA_F_BRA8739160,0.312556787,EOMESpos,3,
34,DSP1001660005648_C11,WTX,directPCR,NovaSeq,2x50,0,Sanger_DSP,1,PP06,H11,i7191,AACCATAG,i5191,GACAATTA,1001660005648,009,exclusion_sub4,ROI9_exclusion sub4,ROI9_exclusion sub4-aoi-001,20400.53878,24/01/2020,C11,00MV-2,Hob8-BRA-5-FFPE-1-S73,OB00386,19pcw,295,15026-26,HCA_F_BRA8739168,0.312556787,HOPXpos,3,
35,DSP1001660005648_C12,WTX,directPCR,NovaSeq,2x50,0,Sanger_DSP,1,PP06,H12,i7192,TGCCTTAA,i5192,ACCGGATT,1001660005648,009,ring,ROI9_ring,ROI9_ring-aoi-001,67731.4305,24/01/2020,C12,00MV-2,Hob8-BRA-5-FFPE-1-S73,OB00386,19pcw,1213,15026-26,HCA_F_BRA8739176,0.312556787,Ring,3,
36,DSP1001660005648_D01,WTX,directPCR,NovaSeq,2x50,0,Sanger_DSP,1,PP08,G1,i7361,AGTGGAAT,i5361,TATTCGGC,1001660005648,009,leftover,ROI9_leftover,ROI9_leftover-aoi-001,71920.30535,24/01/2020,D01,00MV-2,Hob8-BRA-5-FFPE-1-S73,OB00386,19pcw,991,15026-26,HCA_F_BRA8739279,0.312556787,Residual,3,
38,DSP1001660005648_D03,WTX,directPCR,NovaSeq,2x50,0,Sanger_DSP,1,PP08,G3,i7363,CAGAGCCG,i5363,ACGCGCGT,1001660005648,010,exclusion_sub4,ROI10_exclusion sub4,ROI10_exclusion sub4-aoi-001,10653.64977,24/01/2020,D03,00MV-2,Hob8-BRA-5-FFPE-1-S73,OB00386,19pcw,263,15026-26,HCA_F_BRA8739295,0.392513175,HOPXpos,3,
37,DSP1001660005648_D02,WTX,directPCR,NovaSeq,2x50,0,Sanger_DSP,1,PP08,G2,i7362,TACGAGTC,i5362,GCAAGAAT,1001660005648,010,exclusion_sub2,ROI10_exclusion sub2,ROI10_exclusion sub2-aoi-001,7724.199971,24/01/2020,D02,00MV-2,Hob8-BRA-5-FFPE-1-S73,OB00386,19pcw,202,15026-26,HCA_F_BRA8739287,0.392513175,EOMESpos,3,
40,DSP1001660005648_D05,WTX,directPCR,NovaSeq,2x50,0,Sanger_DSP,1,PP08,G5,i7365,CGCTACAC,i5365,GCCGGAAC,1001660005648,010,leftover,ROI10_leftover,ROI10_leftover-aoi-001,297073.2361,24/01/2020,D05,00MV-2,Hob8-BRA-5-FFPE-1-S73,OB00386,19pcw,1981,15026-26,HCA_F_BRA8739311,0.392513175,Residual,3,
39,DSP1001660005648_D04,WTX,directPCR,NovaSeq,2x50,0,Sanger_DSP,1,PP08,G4,i7364,GTGCAGCT,i5364,CGATATTA,1001660005648,010,ring,ROI10_ring,ROI10_ring-aoi-001,51299.70659,24/01/2020,D04,00MV-2,Hob8-BRA-5-FFPE-1-S73,OB00386,19pcw,852,15026-26,HCA_F_BRA8739303,0.392513175,Ring,3,
41,DSP1001660005648_D06,WTX,directPCR,NovaSeq,2x50,0,Sanger_DSP,1,PP08,G6,i7366,TCCGGTAA,i5366,AATAACGG,1001660005648,011,geometric,Geometric Segment,Geometric Segment-aoi-001,132922.2259,24/01/2020,D06,00MV-2,Hob8-BRA-5-FFPE-1-S73,OB00386,19pcw,1502,15026-26,HCA_F_BRA8739319,0.977071391,Geometric,5,
42,DSP1001660005648_D07,WTX,directPCR,NovaSeq,2x50,0,Sanger_DSP,1,PP08,G7,i7367,CATATGTT,i5367,CGAATGAT,1001660005648,012,geometric,Geometric Segment,Geometric Segment-aoi-001,182740.2374,24/01/2020,D07,00MV-2,Hob8-BRA-5-FFPE-1-S73,OB00386,19pcw,2202,15026-26,HCA_F_BRA8739327,0.92123874,Geometric,5,
43,DSP1001660005648_D08,WTX,directPCR,NovaSeq,2x50,0,Sanger_DSP,1,PP08,G8,i7368,GTGCCTAC,i5368,ACCATTCG,1001660005648,013,geometric,Geometric Segment,Geometric Segment-aoi-001,204755.0756,24/01/2020,D08,00MV-2,Hob8-BRA-5-FFPE-1-S73,OB00386,19pcw,2702,15026-26,HCA_F_BRA8739335,0.848656294,Geometric,5,
44,DSP1001660005648_D09,WTX,directPCR,NovaSeq,2x50,0,Sanger_DSP,1,PP08,G9,i7369,AGTAATTG,i5369,GTACATTA,1001660005648,014,geometric,Geometric Segment,Geometric Segment-aoi-001,249496.3949,24/01/2020,D09,00MV-2,Hob8-BRA-5-FFPE-1-S73,OB00386,19pcw,2441,15026-26,HCA_F_BRA8739343,0.750018611,Geometric,5,
45,DSP1001660005648_D10,WTX,directPCR,NovaSeq,2x50,0,Sanger_DSP,1,PP08,G10,i7370,GCGGTTAA,i5370,GTGCTTAG,1001660005648,015,geometric,Geometric Segment,Geometric Segment-aoi-001,263556.5542,24/01/2020,D10,00MV-2,Hob8-BRA-5-FFPE-1-S73,OB00386,19pcw,51,15026-26,HCA_F_BRA8739351,0.629047867,Geometric,5,
46,DSP1001660005648_D11,WTX,directPCR,NovaSeq,2x50,0,Sanger_DSP,1,PP08,G11,i7588,TAAGTTAA,i5588,TGATAGCG,1001660005648,016,geometric,Geometric Segment,Geometric Segment-aoi-001,219383.3811,24/01/2020,D11,00MV-2,Hob8-BRA-5-FFPE-1-S73,OB00386,19pcw,35,15026-26,HCA_F_BRA8739359,0.521104742,Geometric,5,
47,DSP1001660005648_D12,WTX,directPCR,NovaSeq,2x50,0,Sanger_DSP,1,PP08,G12,i7372,GAAGGCCG,i5372,CCAACGGC,1001660005648,017,geometric,Geometric Segment,Geometric Segment-aoi-001,218246.2993,24/01/2020,D12,00MV-2,Hob8-BRA-5-FFPE-1-S73,OB00386,19pcw,1729,15026-26,HCA_F_BRA8739367,0.424328147,Geometric,5,
48,DSP1001660005648_E01,WTX,directPCR,NovaSeq,2x50,0,Sanger_DSP,1,PP08,H1,i7600,TCGCGAGG,i5600,TGCTGTGA,1001660005648,018,geometric,Geometric Segment,Geometric Segment-aoi-001,196152.6879,24/01/2020,E01,00MV-2,Hob8-BRA-5-FFPE-1-S73,OB00386,19pcw,1974,15026-26,HCA_F_BRA8739280,0.342440259,Geometric,5,
49,DSP1001660005648_E02,WTX,directPCR,NovaSeq,2x50,0,Sanger_DSP,1,PP08,H2,i7374,CATGAAGA,i5374,TCGTGCTT,1001660005648,019,geometric,Geometric Segment,Geometric Segment-aoi-001,98209.5797,24/01/2020,E02,00MV-2,Hob8-BRA-5-FFPE-1-S73,OB00386,19pcw,1072,15026-26,HCA_F_BRA8739288,0.286607608,Geometric,5,
50,DSP1001660005648_E03,WTX,directPCR,NovaSeq,2x50,0,Sanger_DSP,1,PP08,H3,i7375,TCCTATGT,i5375,AATTCGCG,1001660005648,020,geometric,Geometric Segment,Geometric Segment-aoi-001,106912.5256,24/01/2020,E03,00MV-2,Hob8-BRA-5-FFPE-1-S73,OB00386,19pcw,1072,15026-26,HCA_F_BRA8739296,0.09119333,Geometric,5,
51,DSP1001660005648_E04,WTX,directPCR,NovaSeq,2x50,0,Sanger_DSP,1,PP08,H4,i7376,CTTAGGTG,i5376,TCCACCGA,1001660005648,021,geometric,Geometric Segment,Geometric Segment-aoi-001,233873.7151,24/01/2020,E04,00MV-2,Hob8-BRA-5-FFPE-1-S73,OB00386,19pcw,2399,15026-26,HCA_F_BRA8739304,0.223330604,Geometric,5,
52,DSP1001660005648_E05,WTX,directPCR,NovaSeq,2x50,0,Sanger_DSP,1,PP08,H5,i7377,TTCCGCGC,i5377,TCGATTCT,1001660005648,022,geometric,Geometric Segment,Geometric Segment-aoi-001,181768.911,24/01/2020,E05,00MV-2,Hob8-BRA-5-FFPE-1-S73,OB00386,19pcw,1924,15026-26,HCA_F_BRA8739312,0.143676022,Geometric,5,
53,DSP1001660005648_E06,WTX,directPCR,NovaSeq,2x50,0,Sanger_DSP,1,PP08,H6,i7378,ATTCACCT,i5378,ATGAGCTA,1001660005648,023,geometric,Geometric Segment,Geometric Segment-aoi-001,51531.7641,24/01/2020,E06,00MV-2,Hob8-BRA-5-FFPE-1-S73,OB00386,19pcw,629,15026-26,HCA_F_BRA8739320,0.062160351,Geometric,5,
54,DSP1001660005648_E07,WTX,directPCR,NovaSeq,2x50,0,Sanger_DSP,1,PP08,H7,i7379,GTAACCAA,i5379,TTAGCATC,1001660005648,024,geometric,Geometric Segment,Geometric Segment-aoi-001,54058.66517,24/01/2020,E07,00MV-2,Hob8-BRA-5-FFPE-1-S73,OB00386,19pcw,550,15026-26,HCA_F_BRA8739328,0.040943944,Geometric,5,
55,DSP1001660005648_E08,WTX,directPCR,NovaSeq,2x50,0,Sanger_DSP,1,PP08,H8,i7380,GATTGTGT,i5380,TCCAAGCA,1001660005648,025,geometric,Geometric Segment,Geometric Segment-aoi-001,41065.81255,24/01/2020,E08,00MV-2,Hob8-BRA-5-FFPE-1-S73,OB00386,19pcw,468,15026-26,HCA_F_BRA8739336,0.021588625,Geometric,5,
56,DSP1001660005648_E09,WTX,directPCR,NovaSeq,2x50,0,Sanger_DSP,1,PP08,H9,i7381,GTGTAATG,i5381,GCTAACGA,1001660005648,026,geometric,Geometric Segment,Geometric Segment-aoi-001,26494.811,24/01/2020,E09,00MV-2,Hob8-BRA-5-FFPE-1-S73,OB00386,19pcw,274,15026-26,HCA_F_BRA8739344,0.007444353,Geometric,5,
270,DSP1001660005641_G06,WTX,directPCR,NovaSeq,2x50,0,Sanger_DSP,1,PP07,G6,i7270,GCACACCG,i5270,ATTCCTTC,1001660005641,001,geometric,Geometric Segment,Geometric Segment-aoi-001,19535.45364,23/01/2020,G06,00MV,Hob8-BRA-5-FFPE-1-S73,OB00386,19pcw,183,15026-26,HCA_F_BRA8739223,0.004753199,Geometric,2,
271,DSP1001660005641_G07,WTX,directPCR,NovaSeq,2x50,0,Sanger_DSP,1,PP07,G7,i7271,CTCCTGAG,i5271,GAAGGCCA,1001660005641,002,geometric,Geometric Segment,Geometric Segment-aoi-001,67022.31327,23/01/2020,G07,00MV,Hob8-BRA-5-FFPE-1-S73,OB00386,19pcw,793,15026-26,HCA_F_BRA8739231,0.023034735,Geometric,2,
272,DSP1001660005641_G08,WTX,directPCR,NovaSeq,2x50,0,Sanger_DSP,1,PP07,G8,i7272,AGCCTAAG,i5272,CAATTGAG,1001660005641,003,geometric,Geometric Segment,Geometric Segment-aoi-001,89611.61216,23/01/2020,G08,00MV,Hob8-BRA-5-FFPE-1-S73,OB00386,19pcw,1286,15026-26,HCA_F_BRA8739239,0.053747715,Geometric,2,
273,DSP1001660005641_G09,WTX,directPCR,NovaSeq,2x50,0,Sanger_DSP,1,PP07,G9,i7273,CCAACTCT,i5273,CGCGAAGT,1001660005641,004,geometric,Geometric Segment,Geometric Segment-aoi-001,98478.57697,23/01/2020,G09,00MV,Hob8-BRA-5-FFPE-1-S73,OB00386,19pcw,946,15026-26,HCA_F_BRA8739247,0.087751371,Geometric,2,
274,DSP1001660005641_G10,WTX,directPCR,NovaSeq,2x50,0,Sanger_DSP,1,PP07,G10,i7274,CTGCCGGA,i5274,AAGTGTCG,1001660005641,005,geometric,Geometric Segment,Geometric Segment-aoi-001,125178.2932,23/01/2020,G10,00MV,Hob8-BRA-5-FFPE-1-S73,OB00386,19pcw,958,15026-26,HCA_F_BRA8739255,0.129798903,Geometric,2,
275,DSP1001660005641_G11,WTX,directPCR,NovaSeq,2x50,0,Sanger_DSP,1,PP07,G11,i7275,TCCTTCAC,i5275,GAACTTAA,1001660005641,006,geometric,Geometric Segment,Geometric Segment-aoi-001,182858.6341,23/01/2020,G11,00MV,Hob8-BRA-5-FFPE-1-S73,OB00386,19pcw,1386,15026-26,HCA_F_BRA8739263,0.182815356,Geometric,2,
276,DSP1001660005641_G12,WTX,directPCR,NovaSeq,2x50,0,Sanger_DSP,1,PP07,G12,i7276,AACCTGTG,i5276,TTAGACAA,1001660005641,007,geometric,Geometric Segment,Geometric Segment-aoi-001,201675.0252,23/01/2020,G12,00MV,Hob8-BRA-5-FFPE-1-S73,OB00386,19pcw,1266,15026-26,HCA_F_BRA8739271,0.253382084,Geometric,2,
277,DSP1001660005641_H01,WTX,directPCR,NovaSeq,2x50,0,Sanger_DSP,1,PP07,H1,i7277,TTCCAGGT,i5277,GTCTTAAG,1001660005641,008,geometric,Geometric Segment,Geometric Segment-aoi-001,155576.5641,23/01/2020,H01,00MV,Hob8-BRA-5-FFPE-1-S73,OB00386,19pcw,1274,15026-26,HCA_F_BRA8739184,0.319195612,Geometric,2,
278,DSP1001660005641_H02,WTX,directPCR,NovaSeq,2x50,0,Sanger_DSP,1,PP07,H2,i7278,CGGACATG,i5278,CTGGACAC,1001660005641,009,geometric,Geometric Segment,Geometric Segment-aoi-001,315374.6805,23/01/2020,H02,00MV,Hob8-BRA-5-FFPE-1-S73,OB00386,19pcw,1620,15026-26,HCA_F_BRA8739192,0.398537477,Geometric,2,
279,DSP1001660005641_H03,WTX,directPCR,NovaSeq,2x50,0,Sanger_DSP,1,PP07,H3,i7279,CCAATAAC,i5279,CGCACATT,1001660005641,010,geometric,Geometric Segment,Geometric Segment-aoi-001,315380.3635,23/01/2020,H03,00MV,Hob8-BRA-5-FFPE-1-S73,OB00386,19pcw,706,15026-26,HCA_F_BRA8739200,0.621572212,Geometric,2,
280,DSP1001660005641_H04,WTX,directPCR,NovaSeq,2x50,0,Sanger_DSP,1,PP07,H4,i7280,CCAGGTTG,i5280,AATAGTCA,1001660005641,011,geometric,Geometric Segment,Geometric Segment-aoi-001,309052.4552,23/01/2020,H04,00MV,Hob8-BRA-5-FFPE-1-S73,OB00386,19pcw,811,15026-26,HCA_F_BRA8739208,0.513711152,Geometric,2,
281,DSP1001660005641_H05,WTX,directPCR,NovaSeq,2x50,0,Sanger_DSP,1,PP07,H5,i7281,GACACAAC,i5281,CGGAAGGC,1001660005641,012,geometric,Geometric Segment,Geometric Segment-aoi-001,226389.4657,23/01/2020,H05,00MV,Hob8-BRA-5-FFPE-1-S73,OB00386,19pcw,457,15026-26,HCA_F_BRA8739216,0.720292505,Geometric,2,
282,DSP1001660005641_H06,WTX,directPCR,NovaSeq,2x50,0,Sanger_DSP,1,PP07,H6,i7282,TTGTTAAT,i5282,GAATGTAG,1001660005641,013,geometric,Geometric Segment,Geometric Segment-aoi-001,183443.9873,23/01/2020,H06,00MV,Hob8-BRA-5-FFPE-1-S73,OB00386,19pcw,1101,15026-26,HCA_F_BRA8739224,0.78976234,Geometric,2,
283,DSP1001660005641_H07,WTX,directPCR,NovaSeq,2x50,0,Sanger_DSP,1,PP07,H7,i7283,CCTACCTC,i5283,TTATGGAC,1001660005641,014,geometric,Geometric Segment,Geometric Segment-aoi-001,165787.8838,23/01/2020,H07,00MV,Hob8-BRA-5-FFPE-1-S73,OB00386,19pcw,1831,15026-26,HCA_F_BRA8739232,0.855575868,Geometric,2,
284,DSP1001660005641_H08,WTX,directPCR,NovaSeq,2x50,0,Sanger_DSP,1,PP07,H8,i7284,ATAGCGTC,i5284,GTTAGAGA,1001660005641,015,geometric,Geometric Segment,Geometric Segment-aoi-001,139134.737,23/01/2020,H08,00MV,Hob8-BRA-5-FFPE-1-S73,OB00386,19pcw,1817,15026-26,HCA_F_BRA8739240,0.910420475,Geometric,2,
285,DSP1001660005641_H09,WTX,directPCR,NovaSeq,2x50,0,Sanger_DSP,1,PP07,H9,i7285,CGGATTGG,i5285,GTCGACGA,1001660005641,016,geometric,Geometric Segment,Geometric Segment-aoi-001,171131.3632,23/01/2020,H09,00MV,Hob8-BRA-5-FFPE-1-S73,OB00386,19pcw,1628,15026-26,HCA_F_BRA8739248,0.963436929,Geometric,2,
287,DSP1001660005641_H11,WTX,directPCR,NovaSeq,2x50,0,Sanger_DSP,1,PP07,H11,i7287,CAAGCCAC,i5287,CATCTCGT,1001660005641,017,exclusion_sub4,ROI17_exclusion sub4,ROI17_exclusion sub4-aoi-001,2664.083358,23/01/2020,H11,00MV,Hob8-BRA-5-FFPE-1-S73,OB00386,19pcw,84,15026-26,HCA_F_BRA8739264,0.035648995,HOPXpos,1,
286,DSP1001660005641_H10,WTX,directPCR,NovaSeq,2x50,0,Sanger_DSP,1,PP07,H10,i7286,ATCCAGAC,i5286,TAACGGAA,1001660005641,017,exclusion_sub2,ROI17_exclusion sub2,ROI17_exclusion sub2-aoi-001,14935.0319,23/01/2020,H10,00MV,Hob8-BRA-5-FFPE-1-S73,OB00386,19pcw,468,15026-26,HCA_F_BRA8739256,0.035648995,EOMESpos,1,
288,DSP1001660005641_H12,WTX,directPCR,NovaSeq,2x50,0,Sanger_DSP,1,PP07,H12,i7288,GTTACTCT,i5288,TCGAGTGC,1001660005641,017,ring,ROI17_ring,ROI17_ring-aoi-001,60322.32359,23/01/2020,H12,00MV,Hob8-BRA-5-FFPE-1-S73,OB00386,19pcw,1295,15026-26,HCA_F_BRA8739272,0.035648995,Ring,1,
194,DSP1001660005641_A02,WTX,directPCR,NovaSeq,2x50,0,Sanger_DSP,1,PP07,A2,i7194,CGGATACA,i5194,CGCTCAGG,1001660005641,001,geometric,Geometric Segment,Geometric Segment-aoi-001,29748.82559,23/01/2020,A02,00MU,Hob8-BRA-5-FFPE-1-S72,OB00385,19pcw,284,15026-26,HCA_F_BRA8739185,0.00610687,Geometric,2,
195,DSP1001660005641_A03,WTX,directPCR,NovaSeq,2x50,0,Sanger_DSP,1,PP07,A3,i7195,GTGTGTGC,i5195,ACTTCGTC,1001660005641,002,geometric,Geometric Segment,Geometric Segment-aoi-001,68097.51306,23/01/2020,A03,00MU,Hob8-BRA-5-FFPE-1-S72,OB00385,19pcw,836,15026-26,HCA_F_BRA8739193,0.025954198,Geometric,2,
196,DSP1001660005641_A04,WTX,directPCR,NovaSeq,2x50,0,Sanger_DSP,1,PP07,A4,i7196,CCAAGAGA,i5196,GTCCTCTG,1001660005641,003,geometric,Geometric Segment,Geometric Segment-aoi-001,77095.34568,23/01/2020,A04,00MU,Hob8-BRA-5-FFPE-1-S72,OB00385,19pcw,1196,15026-26,HCA_F_BRA8739201,0.053435115,Geometric,2,
197,DSP1001660005641_A05,WTX,directPCR,NovaSeq,2x50,0,Sanger_DSP,1,PP07,A5,i7197,ACACAATG,i5197,AAGGCTTC,1001660005641,004,geometric,Geometric Segment,Geometric Segment-aoi-001,86945.63446,23/01/2020,A05,00MU,Hob8-BRA-5-FFPE-1-S72,OB00385,19pcw,1007,15026-26,HCA_F_BRA8739209,0.082442748,Geometric,2,
198,DSP1001660005641_A06,WTX,directPCR,NovaSeq,2x50,0,Sanger_DSP,1,PP07,A6,i7198,TAGGCGCG,i5198,TGTTGGTT,1001660005641,005,geometric,Geometric Segment,Geometric Segment-aoi-001,129128.0067,23/01/2020,A06,00MU,Hob8-BRA-5-FFPE-1-S72,OB00385,19pcw,1007,15026-26,HCA_F_BRA8739217,0.120610687,Geometric,2,
199,DSP1001660005641_A07,WTX,directPCR,NovaSeq,2x50,0,Sanger_DSP,1,PP07,A7,i7199,CGGCACAG,i5199,GACATAGT,1001660005641,006,geometric,Geometric Segment,Geometric Segment-aoi-001,184674.05,23/01/2020,A07,00MU,Hob8-BRA-5-FFPE-1-S72,OB00385,19pcw,1423,15026-26,HCA_F_BRA8739225,0.174045802,Geometric,2,
200,DSP1001660005641_A08,WTX,directPCR,NovaSeq,2x50,0,Sanger_DSP,1,PP07,A8,i7200,GTTAGAGA,i5200,GTTCCGCG,1001660005641,007,geometric,Geometric Segment,Geometric Segment-aoi-001,224337.0986,23/01/2020,A08,00MU,Hob8-BRA-5-FFPE-1-S72,OB00385,19pcw,1401,15026-26,HCA_F_BRA8739233,0.245801527,Geometric,2,
201,DSP1001660005641_A09,WTX,directPCR,NovaSeq,2x50,0,Sanger_DSP,1,PP07,A9,i7201,TTACGAGT,i5201,AGGTCTTA,1001660005641,008,geometric,Geometric Segment,Geometric Segment-aoi-001,157288.4223,23/01/2020,A09,00MU,Hob8-BRA-5-FFPE-1-S72,OB00385,19pcw,1271,15026-26,HCA_F_BRA8739241,0.312977099,Geometric,2,
202,DSP1001660005641_A10,WTX,directPCR,NovaSeq,2x50,0,Sanger_DSP,1,PP07,A10,i7202,TCGGAATT,i5202,TAACGACT,1001660005641,009,geometric,Geometric Segment,Geometric Segment-aoi-001,292964.5552,23/01/2020,A10,00MU,Hob8-BRA-5-FFPE-1-S72,OB00385,19pcw,1506,15026-26,HCA_F_BRA8739249,0.39389313,Geometric,2,
203,DSP1001660005641_A11,WTX,directPCR,NovaSeq,2x50,0,Sanger_DSP,1,PP07,A11,i7203,GAGTACAC,i5203,GCTCTATA,1001660005641,010,geometric,Geometric Segment,Geometric Segment-aoi-001,293336.163,23/01/2020,A11,00MU,Hob8-BRA-5-FFPE-1-S72,OB00385,19pcw,724,15026-26,HCA_F_BRA8739257,0.491603053,Geometric,2,
204,DSP1001660005641_A12,WTX,directPCR,NovaSeq,2x50,0,Sanger_DSP,1,PP07,A12,i7204,CGGTGTAT,i5204,GAGAATCT,1001660005641,011,geometric,Geometric Segment,Geometric Segment-aoi-001,293336.163,23/01/2020,A12,00MU,Hob8-BRA-5-FFPE-1-S72,OB00385,19pcw,550,15026-26,HCA_F_BRA8739265,0.589312977,Geometric,2,
205,DSP1001660005641_B01,WTX,directPCR,NovaSeq,2x50,0,Sanger_DSP,1,PP07,B1,i7205,AATTCTTC,i5205,AGTAAGCG,1001660005641,012,geometric,Geometric Segment,Geometric Segment-aoi-001,390059.1538,23/01/2020,B01,00MU,Hob8-BRA-5-FFPE-1-S72,OB00385,19pcw,670,15026-26,HCA_F_BRA8739178,0.708396947,Geometric,2,
206,DSP1001660005641_B02,WTX,directPCR,NovaSeq,2x50,0,Sanger_DSP,1,PP07,B2,i7206,TGTGTTCT,i5206,TCCTTGGT,1001660005641,013,geometric,Geometric Segment,Geometric Segment-aoi-001,132766.7316,23/01/2020,B02,00MU,Hob8-BRA-5-FFPE-1-S72,OB00385,19pcw,837,15026-26,HCA_F_BRA8739186,0.809160305,Geometric,2,
207,DSP1001660005641_B03,WTX,directPCR,NovaSeq,2x50,0,Sanger_DSP,1,PP07,B3,i7207,CACAGCGC,i5207,CCAACTCT,1001660005641,014,geometric,Geometric Segment,Geometric Segment-aoi-001,139109.3212,23/01/2020,B03,00MU,Hob8-BRA-5-FFPE-1-S72,OB00385,19pcw,1433,15026-26,HCA_F_BRA8739194,0.854961832,Geometric,2,
208,DSP1001660005641_B04,WTX,directPCR,NovaSeq,2x50,0,Sanger_DSP,1,PP07,B4,i7208,TATACCGG,i5208,TTGTTATC,1001660005641,015,geometric,Geometric Segment,Geometric Segment-aoi-001,132110.6561,23/01/2020,B04,00MU,Hob8-BRA-5-FFPE-1-S72,OB00385,19pcw,1826,15026-26,HCA_F_BRA8739202,0.903816794,Geometric,2,
209,DSP1001660005641_B05,WTX,directPCR,NovaSeq,2x50,0,Sanger_DSP,1,PP07,B5,i7209,TCTAGACA,i5209,GTCGTATA,1001660005641,016,geometric,Geometric Segment,Geometric Segment-aoi-001,198338.1329,23/01/2020,B05,00MU,Hob8-BRA-5-FFPE-1-S72,OB00385,19pcw,1742,15026-26,HCA_F_BRA8739210,0.958778626,Geometric,2,
210,DSP1001660005641_B06,WTX,directPCR,NovaSeq,2x50,0,Sanger_DSP,1,PP07,B6,i7210,TTGGCCGG,i5210,CACGACAA,1001660005641,017,geometric,Geometric Segment,Geometric Segment-aoi-001,24424.76329,23/01/2020,B06,00MU,Hob8-BRA-5-FFPE-1-S72,OB00385,19pcw,230,15026-26,HCA_F_BRA8739218,0.004802151,Geometric,5,
211,DSP1001660005641_B07,WTX,directPCR,NovaSeq,2x50,0,Sanger_DSP,1,PP07,B7,i7211,ACACACAC,i5211,CCTATTAA,1001660005641,018,geometric,Geometric Segment,Geometric Segment-aoi-001,39767.39553,23/01/2020,B07,00MU,Hob8-BRA-5-FFPE-1-S72,OB00385,19pcw,504,15026-26,HCA_F_BRA8739226,0.020169036,Geometric,5,
212,DSP1001660005641_B08,WTX,directPCR,NovaSeq,2x50,0,Sanger_DSP,1,PP07,B8,i7212,ACGCAGGC,i5212,TCAGTGCT,1001660005641,019,geometric,Geometric Segment,Geometric Segment-aoi-001,53572.44943,23/01/2020,B08,00MU,Hob8-BRA-5-FFPE-1-S72,OB00385,19pcw,625,15026-26,HCA_F_BRA8739234,0.040978358,Geometric,5,
213,DSP1001660005641_B09,WTX,directPCR,NovaSeq,2x50,0,Sanger_DSP,1,PP07,B9,i7213,GCTTGCGC,i5213,AAGATCCG,1001660005641,020,geometric,Geometric Segment,Geometric Segment-aoi-001,47132.93246,23/01/2020,B09,00MU,Hob8-BRA-5-FFPE-1-S72,OB00385,19pcw,475,15026-26,HCA_F_BRA8739242,0.062427968,Geometric,5,
214,DSP1001660005641_B10,WTX,directPCR,NovaSeq,2x50,0,Sanger_DSP,1,PP07,B10,i7214,ATGCCTTA,i5214,TTATAGGT,1001660005641,021,geometric,Geometric Segment,Geometric Segment-aoi-001,109534.3019,23/01/2020,B10,00MU,Hob8-BRA-5-FFPE-1-S72,OB00385,19pcw,825,15026-26,HCA_F_BRA8739250,0.09444231,Geometric,5,
215,DSP1001660005641_B11,WTX,directPCR,NovaSeq,2x50,0,Sanger_DSP,1,PP07,B11,i7215,TTACCGAA,i5215,TATGCTAA,1001660005641,022,geometric,Geometric Segment,Geometric Segment-aoi-001,123670.3929,23/01/2020,B11,00MU,Hob8-BRA-5-FFPE-1-S72,OB00385,19pcw,970,15026-26,HCA_F_BRA8739258,0.29453195,Geometric,5,
216,DSP1001660005641_B12,WTX,directPCR,NovaSeq,2x50,0,Sanger_DSP,1,PP07,B12,i7216,TACCTACG,i5216,GTGGCACA,1001660005641,023,geometric,Geometric Segment,Geometric Segment-aoi-001,218736.4616,23/01/2020,B12,00MU,Hob8-BRA-5-FFPE-1-S72,OB00385,19pcw,1319,15026-26,HCA_F_BRA8739266,0.230503265,Geometric,5,
217,DSP1001660005641_C01,WTX,directPCR,NovaSeq,2x50,0,Sanger_DSP,1,PP07,C1,i7217,CTGTGGTC,i5217,TGGCGTAT,1001660005641,024,geometric,Geometric Segment,Geometric Segment-aoi-001,195425.7322,23/01/2020,C01,00MU,Hob8-BRA-5-FFPE-1-S72,OB00385,19pcw,1187,15026-26,HCA_F_BRA8739179,0.148866692,Geometric,5,
218,DSP1001660005641_C02,WTX,directPCR,NovaSeq,2x50,0,Sanger_DSP,1,PP07,C2,i7218,ACCACCAC,i5218,CGAAGGCG,1001660005641,025,geometric,Geometric Segment,Geometric Segment-aoi-001,237854.0539,23/01/2020,C02,00MU,Hob8-BRA-5-FFPE-1-S72,OB00385,19pcw,1178,15026-26,HCA_F_BRA8739187,0.356959918,Geometric,5,
219,DSP1001660005641_C03,WTX,directPCR,NovaSeq,2x50,0,Sanger_DSP,1,PP07,C3,i7219,TGTGTAAG,i5219,GTGCCGTC,1001660005641,026,geometric,Geometric Segment,Geometric Segment-aoi-001,291222.3874,23/01/2020,C03,00MU,Hob8-BRA-5-FFPE-1-S72,OB00385,19pcw,689,15026-26,HCA_F_BRA8739195,0.464207965,Geometric,5,
220,DSP1001660005641_C04,WTX,directPCR,NovaSeq,2x50,0,Sanger_DSP,1,PP07,C4,i7220,TCCAACCA,i5220,GCCTAATT,1001660005641,027,geometric,Geometric Segment,Geometric Segment-aoi-001,256214.8545,23/01/2020,C04,00MU,Hob8-BRA-5-FFPE-1-S72,OB00385,19pcw,386,15026-26,HCA_F_BRA8739203,0.573056729,Geometric,5,
221,DSP1001660005641_C05,WTX,directPCR,NovaSeq,2x50,0,Sanger_DSP,1,PP07,C5,i7221,ACGAATTA,i5221,ATTGATCT,1001660005641,028,geometric,Geometric Segment,Geometric Segment-aoi-001,275218.7859,23/01/2020,C05,00MU,Hob8-BRA-5-FFPE-1-S72,OB00385,19pcw,513,15026-26,HCA_F_BRA8739211,0.683506211,Geometric,5,
222,DSP1001660005641_C06,WTX,directPCR,NovaSeq,2x50,0,Sanger_DSP,1,PP07,C6,i7222,CTCTCGCG,i5222,GTATGCGA,1001660005641,029,geometric,Geometric Segment,Geometric Segment-aoi-001,95551.81083,23/01/2020,C06,00MU,Hob8-BRA-5-FFPE-1-S72,OB00385,19pcw,736,15026-26,HCA_F_BRA8739219,0.981239595,Geometric,5,
223,DSP1001660005641_C07,WTX,directPCR,NovaSeq,2x50,0,Sanger_DSP,1,PP07,C7,i7223,GTTCACAC,i5223,GACGGACG,1001660005641,030,geometric,Geometric Segment,Geometric Segment-aoi-001,184738.1421,23/01/2020,C07,00MU,Hob8-BRA-5-FFPE-1-S72,OB00385,19pcw,1937,15026-26,HCA_F_BRA8739227,0.925214496,Geometric,5,
224,DSP1001660005641_C08,WTX,directPCR,NovaSeq,2x50,0,Sanger_DSP,1,PP07,C8,i7224,CTCGTACG,i5224,AATCCGTT,1001660005641,031,geometric,Geometric Segment,Geometric Segment-aoi-001,211274.6287,23/01/2020,C08,00MU,Hob8-BRA-5-FFPE-1-S72,OB00385,19pcw,2125,15026-26,HCA_F_BRA8739235,0.851581509,Geometric,5,
225,DSP1001660005641_C09,WTX,directPCR,NovaSeq,2x50,0,Sanger_DSP,1,PP07,C9,i7225,CGCGTTGA,i5225,ACCAATTC,1001660005641,032,geometric,Geometric Segment,Geometric Segment-aoi-001,189473.3782,23/01/2020,C09,00MU,Hob8-BRA-5-FFPE-1-S72,OB00385,19pcw,1249,15026-26,HCA_F_BRA8739243,0.774747087,Geometric,5,
227,DSP1001660005641_C11,WTX,directPCR,NovaSeq,2x50,0,Sanger_DSP,1,PP07,C11,i7227,TGTCACAA,i5227,GTAGTCCT,1001660005641,033,exclusion_sub4,ROI33_exclude sub4,ROI33_exclude sub4-aoi-001,1676.33925,23/01/2020,C11,00MU,Hob8-BRA-5-FFPE-1-S72,OB00385,19pcw,55,15026-26,HCA_F_BRA8739259,0.028892456,HOPXpos,3,
226,DSP1001660005641_C10,WTX,directPCR,NovaSeq,2x50,0,Sanger_DSP,1,PP07,C10,i7226,ATCTCTCA,i5226,CTTGAGCG,1001660005641,033,exclusion_sub2,ROI33_exclude sub2,ROI33_exclude sub2-aoi-001,8630.960745,23/01/2020,C10,00MU,Hob8-BRA-5-FFPE-1-S72,OB00385,19pcw,268,15026-26,HCA_F_BRA8739251,0.028892456,EOMESpos,3,
228,DSP1001660005641_C12,WTX,directPCR,NovaSeq,2x50,0,Sanger_DSP,1,PP07,C12,i7228,CCTCGCTG,i5228,AACCAGAA,1001660005641,033,ring,ROI33_ring,ROI33_ring-aoi-001,29036.23539,23/01/2020,C12,00MU,Hob8-BRA-5-FFPE-1-S72,OB00385,19pcw,635,15026-26,HCA_F_BRA8739267,0.028892456,Ring,3,
229,DSP1001660005641_D01,WTX,directPCR,NovaSeq,2x50,0,Sanger_DSP,1,PP07,D1,i7229,CGTAATGT,i5229,GCGTGAGG,1001660005641,033,leftover,ROI33_leftover,ROI33_leftover-aoi-001,77978.26925,23/01/2020,D01,00MU,Hob8-BRA-5-FFPE-1-S72,OB00385,19pcw,980,15026-26,HCA_F_BRA8739180,0.028892456,Residual,3,
231,DSP1001660005641_D03,WTX,directPCR,NovaSeq,2x50,0,Sanger_DSP,1,PP07,D3,i7584,TCATGAAT,i5584,TGAGCTAG,1001660005641,034,exclusion_sub4,ROI34_exclusion sub4,ROI34_exclusion sub4-aoi-001,2929.134079,23/01/2020,D03,00MU,Hob8-BRA-5-FFPE-1-S72,OB00385,19pcw,95,15026-26,HCA_F_BRA8739196,0.09470305,HOPXpos,3,
230,DSP1001660005641_D02,WTX,directPCR,NovaSeq,2x50,0,Sanger_DSP,1,PP07,D2,i7230,TTCGCGGC,i5230,CGTGATAC,1001660005641,034,exclusion_sub2,ROI34_exclusion sub2,ROI34_exclusion sub2-aoi-001,7549.288596,23/01/2020,D02,00MU,Hob8-BRA-5-FFPE-1-S72,OB00385,19pcw,260,15026-26,HCA_F_BRA8739188,0.09470305,EOMESpos,3,
232,DSP1001660005641_D04,WTX,directPCR,NovaSeq,2x50,0,Sanger_DSP,1,PP07,D4,i7232,TGTTCCTT,i5232,ACCGAGCG,1001660005641,034,ring,ROI34_Rings,ROI34_Rings-aoi-001,38631.10304,23/01/2020,D04,00MU,Hob8-BRA-5-FFPE-1-S72,OB00385,19pcw,856,15026-26,HCA_F_BRA8739204,0.09470305,Ring,3,
233,DSP1001660005641_D05,WTX,directPCR,NovaSeq,2x50,0,Sanger_DSP,1,PP07,D5,i7233,AGACACGG,i5233,TCGGCGCA,1001660005641,034,leftover,ROI34_Rest,ROI34_Rest-aoi-001,149710.0871,23/01/2020,D05,00MU,Hob8-BRA-5-FFPE-1-S72,OB00385,19pcw,1493,15026-26,HCA_F_BRA8739212,0.09470305,Residual,3,
234,DSP1001660005641_D06,WTX,directPCR,NovaSeq,2x50,0,Sanger_DSP,1,PP07,D6,i7234,ACAGAGAA,i5234,CCGGAACG,1001660005641,035,exclusion_sub2,ROI35_exclude sub2,ROI35_exclude sub2-aoi-001,10927.54078,23/01/2020,D06,00MU,Hob8-BRA-5-FFPE-1-S72,OB00385,19pcw,313,15026-26,HCA_F_BRA8739220,0.205457464,EOMESpos,3,
235,DSP1001660005641_D07,WTX,directPCR,NovaSeq,2x50,0,Sanger_DSP,1,PP07,D7,i7235,GCTACTGA,i5235,TGACTTGT,1001660005641,035,exclusion_sub4,ROI35_exclude sub4,ROI35_exclude sub4-aoi-001,23940.75763,23/01/2020,D07,00MU,Hob8-BRA-5-FFPE-1-S72,OB00385,19pcw,555,15026-26,HCA_F_BRA8739228,0.205457464,HOPXpos,3,
236,DSP1001660005641_D08,WTX,directPCR,NovaSeq,2x50,0,Sanger_DSP,1,PP07,D8,i7236,CAACGGCA,i5236,CATTGCTA,1001660005641,035,ring,ROI35_ring,ROI35_ring-aoi-001,100695.9102,23/01/2020,D08,00MU,Hob8-BRA-5-FFPE-1-S72,OB00385,19pcw,1534,15026-26,HCA_F_BRA8739236,0.205457464,Ring,3,
237,DSP1001660005641_D09,WTX,directPCR,NovaSeq,2x50,0,Sanger_DSP,1,PP07,D9,i7237,CGAGGCGA,i5237,CTGTATCA,1001660005641,035,leftover,ROI35_leftover,ROI35_leftover-aoi-001,205946.462,23/01/2020,D09,00MU,Hob8-BRA-5-FFPE-1-S72,OB00385,19pcw,1653,15026-26,HCA_F_BRA8739244,0.205457464,Residual,3,
238,DSP1001660005641_D10,WTX,directPCR,NovaSeq,2x50,0,Sanger_DSP,1,PP07,D10,i7238,CACGGCCA,i5238,ACTTAATA,1001660005641,036,exclusion_sub2,ROI36_exclusion sub2,ROI36_exclusion sub2-aoi-001,6949.096316,23/01/2020,D10,00MU,Hob8-BRA-5-FFPE-1-S72,OB00385,19pcw,227,15026-26,HCA_F_BRA8739252,0.303370787,EOMESpos,3,
239,DSP1001660005641_D11,WTX,directPCR,NovaSeq,2x50,0,Sanger_DSP,1,PP07,D11,i7239,ATCAATGT,i5239,CCGCGGTT,1001660005641,036,exclusion_sub4,ROI36_exclusion sub4,ROI36_exclusion sub4-aoi-001,13912.71596,23/01/2020,D11,00MU,Hob8-BRA-5-FFPE-1-S72,OB00385,19pcw,356,15026-26,HCA_F_BRA8739260,0.303370787,HOPXpos,3,
240,DSP1001660005641_D12,WTX,directPCR,NovaSeq,2x50,0,Sanger_DSP,1,PP07,D12,i7240,GCGTTGTG,i5240,TAATCGAT,1001660005641,036,ring,ROI36_Rings,ROI36_Rings-aoi-001,53765.51496,23/01/2020,D12,00MU,Hob8-BRA-5-FFPE-1-S72,OB00385,19pcw,968,15026-26,HCA_F_BRA8739268,0.303370787,Ring,3,
241,DSP1001660005641_E01,WTX,directPCR,NovaSeq,2x50,0,Sanger_DSP,1,PP07,E1,i7241,CCGAGGTA,i5241,GTCCAATC,1001660005641,036,leftover,ROI36_Rest,ROI36_Rest-aoi-001,76633.91432,23/01/2020,E01,00MU,Hob8-BRA-5-FFPE-1-S72,OB00385,19pcw,856,15026-26,HCA_F_BRA8739181,0.303370787,Residual,3,
243,DSP1001660005641_E03,WTX,directPCR,NovaSeq,2x50,0,Sanger_DSP,1,PP07,E3,i7243,GATCTCCT,i5243,ATGTTACT,1001660005641,037,exclusion_sub4,ROI37_exclude sub4,ROI37_exclude sub4-aoi-001,3978.286603,23/01/2020,E03,00MU,Hob8-BRA-5-FFPE-1-S72,OB00385,19pcw,150,15026-26,HCA_F_BRA8739197,0.028892456,HOPXpos,1,
242,DSP1001660005641_E02,WTX,directPCR,NovaSeq,2x50,0,Sanger_DSP,1,PP07,E2,i7585,GACACGGT,i5585,GCCTTAGA,1001660005641,037,exclusion_sub2,ROI37_exclude sub2,ROI37_exclude sub2-aoi-001,10470.21384,23/01/2020,E02,00MU,Hob8-BRA-5-FFPE-1-S72,OB00385,19pcw,323,15026-26,HCA_F_BRA8739189,0.028892456,EOMESpos,1,
244,DSP1001660005641_E04,WTX,directPCR,NovaSeq,2x50,0,Sanger_DSP,1,PP07,E4,i7244,CTCTAATA,i5244,AGGCGCCA,1001660005641,037,ring,ROI37_ring,ROI37_ring-aoi-001,48082.78963,23/01/2020,E04,00MU,Hob8-BRA-5-FFPE-1-S72,OB00385,19pcw,1109,15026-26,HCA_F_BRA8739205,0.028892456,Ring,1,
245,DSP1001660005641_E05,WTX,directPCR,NovaSeq,2x50,0,Sanger_DSP,1,PP07,E5,i7586,GCCACACA,i5586,TATACATA,1001660005641,037,leftover,ROI37_leftover,ROI37_leftover-aoi-001,125940.9257,23/01/2020,E05,00MU,Hob8-BRA-5-FFPE-1-S72,OB00385,19pcw,1678,15026-26,HCA_F_BRA8739213,0.028892456,Residual,1,
247,DSP1001660005641_E07,WTX,directPCR,NovaSeq,2x50,0,Sanger_DSP,1,PP07,E7,i7247,GCAGTCAG,i5247,CGCCAACG,1001660005641,038,exclusion_sub4,ROI38_exclusion sub4,ROI38_exclusion sub4-aoi-001,2240.538937,23/01/2020,E07,00MU,Hob8-BRA-5-FFPE-1-S72,OB00385,19pcw,82,15026-26,HCA_F_BRA8739229,0.09470305,HOPXpos,1,
246,DSP1001660005641_E06,WTX,directPCR,NovaSeq,2x50,0,Sanger_DSP,1,PP07,E6,i7246,CTAAGTGT,i5246,CATTAAGG,1001660005641,038,exclusion_sub2,ROI38_exclusion sub2,ROI38_exclusion sub2-aoi-001,12334.56703,23/01/2020,E06,00MU,Hob8-BRA-5-FFPE-1-S72,OB00385,19pcw,393,15026-26,HCA_F_BRA8739221,0.09470305,EOMESpos,1,
248,DSP1001660005641_E08,WTX,directPCR,NovaSeq,2x50,0,Sanger_DSP,1,PP07,E8,i7248,GTACACGT,i5248,TTGGATTA,1001660005641,038,ring,ROI38_Rings,ROI38_Rings-aoi-001,50341.48273,23/01/2020,E08,00MU,Hob8-BRA-5-FFPE-1-S72,OB00385,19pcw,1132,15026-26,HCA_F_BRA8739237,0.09470305,Ring,1,
249,DSP1001660005641_E09,WTX,directPCR,NovaSeq,2x50,0,Sanger_DSP,1,PP07,E9,i7249,TCTATCGT,i5249,CGCTGGTG,1001660005641,038,leftover,ROI38_Rest,ROI38_Rest-aoi-001,168800.527,23/01/2020,E09,00MU,Hob8-BRA-5-FFPE-1-S72,OB00385,19pcw,1739,15026-26,HCA_F_BRA8739245,0.09470305,Residual,1,
250,DSP1001660005641_E10,WTX,directPCR,NovaSeq,2x50,0,Sanger_DSP,1,PP07,E10,i7250,CGCCTCTC,i5250,CTGCCAAG,1001660005641,039,exclusion_sub2,ROI39_exclude sub2,ROI39_exclude sub2-aoi-001,15437.03386,23/01/2020,E10,00MU,Hob8-BRA-5-FFPE-1-S72,OB00385,19pcw,429,15026-26,HCA_F_BRA8739253,0.205457464,EOMESpos,1,
251,DSP1001660005641_E11,WTX,directPCR,NovaSeq,2x50,0,Sanger_DSP,1,PP07,E11,i7251,ACTCCTAG,i5251,TCTGCCGC,1001660005641,039,exclusion_sub4,ROI39_exclude sub4,ROI39_exclude sub4-aoi-001,24374.87882,23/01/2020,E11,00MU,Hob8-BRA-5-FFPE-1-S72,OB00385,19pcw,482,15026-26,HCA_F_BRA8739261,0.205457464,HOPXpos,1,
252,DSP1001660005641_E12,WTX,directPCR,NovaSeq,2x50,0,Sanger_DSP,1,PP07,E12,i7252,CTCGAGCT,i5252,CCGTTGCA,1001660005641,039,ring,ROI39_ring,ROI39_ring-aoi-001,115791.0144,23/01/2020,E12,00MU,Hob8-BRA-5-FFPE-1-S72,OB00385,19pcw,1922,15026-26,HCA_F_BRA8739269,0.205457464,Ring,1,
253,DSP1001660005641_F01,WTX,directPCR,NovaSeq,2x50,0,Sanger_DSP,1,PP07,F1,i7253,GTAATTAC,i5253,TTGAACAT,1001660005641,039,leftover,ROI39_leftover,ROI39_leftover-aoi-001,250205.8279,23/01/2020,F01,00MU,Hob8-BRA-5-FFPE-1-S72,OB00385,19pcw,2280,15026-26,HCA_F_BRA8739182,0.205457464,Residual,1,
254,DSP1001660005641_F02,WTX,directPCR,NovaSeq,2x50,0,Sanger_DSP,1,PP07,F2,i7254,GTTGAAGG,i5254,AGCTCTGC,1001660005641,040,exclusion_sub2,ROI40_exclusion sub2,ROI40_exclusion sub2-aoi-001,14383.93478,23/01/2020,F02,00MU,Hob8-BRA-5-FFPE-1-S72,OB00385,19pcw,400,15026-26,HCA_F_BRA8739190,0.303370787,EOMESpos,1,
255,DSP1001660005641_F03,WTX,directPCR,NovaSeq,2x50,0,Sanger_DSP,1,PP07,F3,i7255,AATGGTTG,i5255,TTCGTCAT,1001660005641,040,exclusion_sub4,ROI40_exclusion sub4,ROI40_exclusion sub4-aoi-001,18312.33691,23/01/2020,F03,00MU,Hob8-BRA-5-FFPE-1-S72,OB00385,19pcw,415,15026-26,HCA_F_BRA8739198,0.303370787,HOPXpos,1,
256,DSP1001660005641_F04,WTX,directPCR,NovaSeq,2x50,0,Sanger_DSP,1,PP07,F4,i7256,CGCAGTTA,i5256,CCTTATTG,1001660005641,040,ring,ROI40_ring,ROI40_ring-aoi-001,74804.76441,23/01/2020,F04,00MU,Hob8-BRA-5-FFPE-1-S72,OB00385,19pcw,1326,15026-26,HCA_F_BRA8739206,0.303370787,Ring,1,
257,DSP1001660005641_F05,WTX,directPCR,NovaSeq,2x50,0,Sanger_DSP,1,PP07,F5,i7257,ATACAGCG,i5257,TATAGGTC,1001660005641,040,leftover,ROI40_leftover,ROI40_leftover-aoi-001,79330.99089,23/01/2020,F05,00MU,Hob8-BRA-5-FFPE-1-S72,OB00385,19pcw,981,15026-26,HCA_F_BRA8739214,0.303370787,Residual,1,
258,DSP1001660005641_F06,WTX,directPCR,NovaSeq,2x50,0,Sanger_DSP,1,PP07,F6,i7258,AATCTATT,i5258,AGCTTATA,1001660005641,041,exclusion_sub2,ROI41_exclusion sub2,ROI41_exclusion sub2-aoi-001,10578.6652,23/01/2020,F06,00MU,Hob8-BRA-5-FFPE-1-S72,OB00385,19pcw,246,15026-26,HCA_F_BRA8739222,0.382022472,EOMESpos,1,
259,DSP1001660005641_F07,WTX,directPCR,NovaSeq,2x50,0,Sanger_DSP,1,PP07,F7,i7259,AGTTCCAA,i5259,TAGCAGTT,1001660005641,041,exclusion_sub4,ROI41_exclusion sub4,ROI41_exclusion sub4-aoi-001,14285.74446,23/01/2020,F07,00MU,Hob8-BRA-5-FFPE-1-S72,OB00385,19pcw,330,15026-26,HCA_F_BRA8739230,0.382022472,HOPXpos,1,
260,DSP1001660005641_F08,WTX,directPCR,NovaSeq,2x50,0,Sanger_DSP,1,PP07,F8,i7260,GCAAGCGG,i5260,ATACCTCA,1001660005641,041,ring,ROI41_ring,ROI41_ring-aoi-001,65060.24334,23/01/2020,F08,00MU,Hob8-BRA-5-FFPE-1-S72,OB00385,19pcw,948,15026-26,HCA_F_BRA8739238,0.382022472,Ring,1,
261,DSP1001660005641_F09,WTX,directPCR,NovaSeq,2x50,0,Sanger_DSP,1,PP07,F9,i7261,AATTAACG,i5261,GTTAATTC,1001660005641,041,leftover,ROI41_leftover,ROI41_leftover-aoi-001,215648.3603,23/01/2020,F09,00MU,Hob8-BRA-5-FFPE-1-S72,OB00385,19pcw,1244,15026-26,HCA_F_BRA8739246,0.382022472,Residual,1,
263,DSP1001660005641_F11,WTX,directPCR,NovaSeq,2x50,0,Sanger_DSP,1,PP07,F11,i7263,TTCATGTC,i5263,GATGTCTA,1001660005641,042,exclusion_sub4,ROI42_exclude sub4,ROI42_exclude sub4-aoi-001,7163.94684,23/01/2020,F11,00MU,Hob8-BRA-5-FFPE-1-S72,OB00385,19pcw,200,15026-26,HCA_F_BRA8739262,0.382022472,HOPXpos,3,
262,DSP1001660005641_F10,WTX,directPCR,NovaSeq,2x50,0,Sanger_DSP,1,PP07,F10,i7262,CAAGCGCT,i5262,TCTGGTTC,1001660005641,042,exclusion_sub2,ROI42_exclude sub2,ROI42_exclude sub2-aoi-001,7250.13963,23/01/2020,F10,00MU,Hob8-BRA-5-FFPE-1-S72,OB00385,19pcw,172,15026-26,HCA_F_BRA8739254,0.382022472,EOMESpos,3,
264,DSP1001660005641_F12,WTX,directPCR,NovaSeq,2x50,0,Sanger_DSP,1,PP07,F12,i7264,CAGGTAAC,i5264,CCAGTTAT,1001660005641,042,ring,ROI42_Rings,ROI42_Rings-aoi-001,45603.08938,23/01/2020,F12,00MU,Hob8-BRA-5-FFPE-1-S72,OB00385,19pcw,716,15026-26,HCA_F_BRA8739270,0.382022472,Ring,3,
265,DSP1001660005641_G01,WTX,directPCR,NovaSeq,2x50,0,Sanger_DSP,1,PP07,G1,i7265,ACCTAATC,i5265,TATATAGG,1001660005641,042,leftover,ROI42_Rest,ROI42_Rest-aoi-001,270246.125,23/01/2020,G01,00MU,Hob8-BRA-5-FFPE-1-S72,OB00385,19pcw,1383,15026-26,HCA_F_BRA8739183,0.382022472,Residual,3,
266,DSP1001660005641_G02,WTX,directPCR,NovaSeq,2x50,0,Sanger_DSP,1,PP07,G2,i7266,TGGTTATA,i5266,TGAACCTT,1001660005641,043,geometric,Geometric Segment,Geometric Segment-aoi-001,9038.245354,23/01/2020,G02,00MU,Hob8-BRA-5-FFPE-1-S72,OB00385,19pcw,95,15026-26,HCA_F_BRA8739191,0.007499429,Geometric,4,
267,DSP1001660005641_G03,WTX,directPCR,NovaSeq,2x50,0,Sanger_DSP,1,PP07,G3,i7267,AACTGTCG,i5267,CGCGGTTC,1001660005641,044,geometric,Geometric Segment,Geometric Segment-aoi-001,4436.876444,23/01/2020,G03,00MU,Hob8-BRA-5-FFPE-1-S72,OB00385,19pcw,48,15026-26,HCA_F_BRA8739199,0.007499429,Geometric,4,
268,DSP1001660005641_G04,WTX,directPCR,NovaSeq,2x50,0,Sanger_DSP,1,PP07,G4,i7268,GTTACGTA,i5268,TACAGACA,1001660005641,045,geometric,Geometric Segment,Geometric Segment-aoi-001,1950.388119,23/01/2020,G04,00MU,Hob8-BRA-5-FFPE-1-S72,OB00385,19pcw,16,15026-26,HCA_F_BRA8739207,0.007499429,Geometric,4,
269,DSP1001660005641_G05,WTX,directPCR,NovaSeq,2x50,0,Sanger_DSP,1,PP07,G5,i7269,AATTGAGA,i5269,GACTTCGC,1001660005641,046,geometric,Geometric Segment,Geometric Segment-aoi-001,661.6006965,23/01/2020,G05,00MU,Hob8-BRA-5-FFPE-1-S72,OB00385,19pcw,5,15026-26,HCA_F_BRA8739215,0.007499429,Geometric,4,
,,,,,,,,,,,,,,,,,,,,,,,,,,,,,,,,,
125,DSP1001660005640_A02,WTX,directPCR,NovaSeq,2x50,0,Sanger_DSP,1,PP06,A2,i7098,ATTCTCTA,i5098,CTTATGGA,1001660005640,001,geometric,Geometric Segment,Geometric Segment-aoi-001,12170.86387,22/01/2020,A02,00MR,Hob7-BRA-5-FFPE-1-S30,OB00199,19pcw,68,14211-15,HCA_F_BRA8739089,,Geometric,,
126,DSP1001660005640_A03,WTX,directPCR,NovaSeq,2x50,0,Sanger_DSP,1,PP06,A3,i7099,GACCTTAC,i5099,AACCGAAT,1001660005640,002,geometric,Geometric Segment,Geometric Segment-aoi-001,204291.2763,22/01/2020,A03,00MR,Hob7-BRA-5-FFPE-1-S30,OB00199,19pcw,1450,14211-15,HCA_F_BRA8739097,,Geometric,,
127,DSP1001660005640_A04,WTX,directPCR,NovaSeq,2x50,0,Sanger_DSP,1,PP06,A4,i7100,AGTTGGTC,i5100,GTATAAGG,1001660005640,003,geometric,Geometric Segment,Geometric Segment-aoi-001,180018.2186,22/01/2020,A04,00MR,Hob7-BRA-5-FFPE-1-S30,OB00199,19pcw,1355,14211-15,HCA_F_BRA8739105,,Geometric,,
128,DSP1001660005640_A05,WTX,directPCR,NovaSeq,2x50,0,Sanger_DSP,1,PP06,A5,i7101,ATTGGTAA,i5101,GTCTGTCG,1001660005640,004,geometric,Geometric Segment,Geometric Segment-aoi-001,181882.414,22/01/2020,A05,00MR,Hob7-BRA-5-FFPE-1-S30,OB00199,19pcw,980,14211-15,HCA_F_BRA8739113,,Geometric,,
129,DSP1001660005640_A06,WTX,directPCR,NovaSeq,2x50,0,Sanger_DSP,1,PP06,A6,i7102,GAGTGCGA,i5102,AGAATTCT,1001660005640,005,geometric,Geometric Segment,Geometric Segment-aoi-001,230445.2627,22/01/2020,A06,00MR,Hob7-BRA-5-FFPE-1-S30,OB00199,19pcw,491,14211-15,HCA_F_BRA8739121,,Geometric,,
130,DSP1001660005640_A07,WTX,directPCR,NovaSeq,2x50,0,Sanger_DSP,1,PP06,A7,i7103,ACCACAGG,i5103,ACGTCACA,1001660005640,006,geometric,Geometric Segment,Geometric Segment-aoi-001,43315.19177,22/01/2020,A07,00MR,Hob7-BRA-5-FFPE-1-S30,OB00199,19pcw,468,14211-15,HCA_F_BRA8739129,,Geometric,,
131,DSP1001660005640_A08,WTX,directPCR,NovaSeq,2x50,0,Sanger_DSP,1,PP06,A8,i7104,GACGATCG,i5104,AGTTGTTC,1001660005640,007,geometric,Geometric Segment,Geometric Segment-aoi-001,61994.87414,22/01/2020,A08,00MR,Hob7-BRA-5-FFPE-1-S30,OB00199,19pcw,626,14211-15,HCA_F_BRA8739137,,Geometric,,
132,DSP1001660005640_A09,WTX,directPCR,NovaSeq,2x50,0,Sanger_DSP,1,PP06,A9,i7105,CACATTCA,i5105,GCAGCGTC,1001660005640,008,geometric,Geometric Segment,Geometric Segment-aoi-001,76559.40334,22/01/2020,A09,00MR,Hob7-BRA-5-FFPE-1-S30,OB00199,19pcw,769,14211-15,HCA_F_BRA8739145,,Geometric,,
133,DSP1001660005640_A10,WTX,directPCR,NovaSeq,2x50,0,Sanger_DSP,1,PP06,A10,i7106,GAGGACGG,i5106,TACTTATT,1001660005640,009,geometric,Geometric Segment,Geometric Segment-aoi-001,83863.37399,22/01/2020,A10,00MR,Hob7-BRA-5-FFPE-1-S30,OB00199,19pcw,839,14211-15,HCA_F_BRA8739153,,Geometric,,
134,DSP1001660005640_A11,WTX,directPCR,NovaSeq,2x50,0,Sanger_DSP,1,PP06,A11,i7107,AGCCTCCT,i5107,CGTGCTGA,1001660005640,010,geometric,Geometric Segment,Geometric Segment-aoi-001,147205.4446,22/01/2020,A11,00MR,Hob7-BRA-5-FFPE-1-S30,OB00199,19pcw,1318,14211-15,HCA_F_BRA8739161,,Geometric,,
135,DSP1001660005640_A12,WTX,directPCR,NovaSeq,2x50,0,Sanger_DSP,1,PP06,A12,i7108,TATTCAAG,i5108,ACGCTGCT,1001660005640,011,geometric,Geometric Segment,Geometric Segment-aoi-001,175775.9863,22/01/2020,A12,00MR,Hob7-BRA-5-FFPE-1-S30,OB00199,19pcw,1530,14211-15,HCA_F_BRA8739169,,Geometric,,
136,DSP1001660005640_B01,WTX,directPCR,NovaSeq,2x50,0,Sanger_DSP,1,PP06,B1,i7109,ACTCCATA,i5109,CTCATGTC,1001660005640,012,geometric,Geometric Segment,Geometric Segment-aoi-001,38360.685,22/01/2020,B01,00MR,Hob7-BRA-5-FFPE-1-S30,OB00199,19pcw,448,14211-15,HCA_F_BRA8739082,,Geometric,,
137,DSP1001660005640_B02,WTX,directPCR,NovaSeq,2x50,0,Sanger_DSP,1,PP06,B2,i7110,TTCTATAC,i5110,ACCTTAAC,1001660005640,013,geometric,Geometric Segment,Geometric Segment-aoi-001,27292.80468,22/01/2020,B02,00MR,Hob7-BRA-5-FFPE-1-S30,OB00199,19pcw,297,14211-15,HCA_F_BRA8739090,,Geometric,,
138,DSP1001660005640_B03,WTX,directPCR,NovaSeq,2x50,0,Sanger_DSP,1,PP06,B3,i7111,GTGCATGG,i5111,GAGCGACA,1001660005640,014,geometric,Geometric Segment,Geometric Segment-aoi-001,57975.06977,22/01/2020,B03,00MR,Hob7-BRA-5-FFPE-1-S30,OB00199,19pcw,725,14211-15,HCA_F_BRA8739098,,Geometric,,
139,DSP1001660005640_B04,WTX,directPCR,NovaSeq,2x50,0,Sanger_DSP,1,PP06,B4,i7112,CCGCGTTC,i5112,CCACCGAG,1001660005640,015,geometric,Geometric Segment,Geometric Segment-aoi-001,88080.19046,22/01/2020,B04,00MR,Hob7-BRA-5-FFPE-1-S30,OB00199,19pcw,971,14211-15,HCA_F_BRA8739106,,Geometric,,
140,DSP1001660005640_B05,WTX,directPCR,NovaSeq,2x50,0,Sanger_DSP,1,PP06,B5,i7113,AGCGTATC,i5113,CGCACGGA,1001660005640,016,center,Scan 00MR ROIs - ROI 016 centre,Scan 00MR ROIs - ROI 016 centre-aoi-001,20669.85178,22/01/2020,B05,00MR,Hob7-BRA-5-FFPE-1-S30,OB00199,19pcw,452,14211-15,HCA_F_BRA8739114,,EOMESpos,,
141,DSP1001660005640_B06,WTX,directPCR,NovaSeq,2x50,0,Sanger_DSP,1,PP06,B6,i7114,GATCAGCA,i5114,GCGTCTGA,1001660005640,016,ring,Scan 00MR ROIs - ROI 016 ring,Scan 00MR ROIs - ROI 016 ring-aoi-001,37165.5099,22/01/2020,B06,00MR,Hob7-BRA-5-FFPE-1-S30,OB00199,19pcw,772,14211-15,HCA_F_BRA8739122,,Ring,,
142,DSP1001660005640_B07,WTX,directPCR,NovaSeq,2x50,0,Sanger_DSP,1,PP06,B7,i7115,ATATGGTA,i5115,TGAATTAA,1001660005640,016,rest,Scan 00MR ROIs - ROI 016 rest,Scan 00MR ROIs - ROI 016 rest-aoi-001,136756.0686,22/01/2020,B07,00MR,Hob7-BRA-5-FFPE-1-S30,OB00199,19pcw,1461,14211-15,HCA_F_BRA8739130,,Residual,,
143,DSP1001660005640_B08,WTX,directPCR,NovaSeq,2x50,0,Sanger_DSP,1,PP06,B8,i7116,CGAGTAAT,i5116,ATAATAAT,1001660005640,017,geometric,Geometric Segment,Geometric Segment-aoi-001,175426.0057,22/01/2020,B08,00MR,Hob7-BRA-5-FFPE-1-S30,OB00199,19pcw,1555,14211-15,HCA_F_BRA8739138,,Geometric,,
144,DSP1001660005640_B09,WTX,directPCR,NovaSeq,2x50,0,Sanger_DSP,1,PP06,B9,i7117,GTTGATAT,i5117,CGGACCAC,1001660005640,018,geometric,Geometric Segment,Geometric Segment-aoi-001,188157.1227,22/01/2020,B09,00MR,Hob7-BRA-5-FFPE-1-S30,OB00199,19pcw,1727,14211-15,HCA_F_BRA8739146,,Geometric,,
145,DSP1001660005640_B10,WTX,directPCR,NovaSeq,2x50,0,Sanger_DSP,1,PP06,B10,i7118,TCTCTTCA,i5118,ACGCGATA,1001660005640,019,geometric,Geometric Segment,Geometric Segment-aoi-001,121478.1599,22/01/2020,B10,00MR,Hob7-BRA-5-FFPE-1-S30,OB00199,19pcw,1369,14211-15,HCA_F_BRA8739154,,Geometric,,
146,DSP1001660005640_B11,WTX,directPCR,NovaSeq,2x50,0,Sanger_DSP,1,PP06,B11,i7119,GCCACCTG,i5119,CACCATTC,1001660005640,020,geometric,Geometric Segment,Geometric Segment-aoi-001,85090.27941,22/01/2020,B11,00MR,Hob7-BRA-5-FFPE-1-S30,OB00199,19pcw,1002,14211-15,HCA_F_BRA8739162,,Geometric,,
147,DSP1001660005640_B12,WTX,directPCR,NovaSeq,2x50,0,Sanger_DSP,1,PP06,B12,i7120,CGTATCAG,i5120,GATTCTTG,1001660005640,021,geometric,Geometric Segment,Geometric Segment-aoi-001,94774.97069,22/01/2020,B12,00MR,Hob7-BRA-5-FFPE-1-S30,OB00199,19pcw,1110,14211-15,HCA_F_BRA8739170,,Geometric,,
148,DSP1001660005640_C01,WTX,directPCR,NovaSeq,2x50,0,Sanger_DSP,1,PP06,C1,i7121,GTTGGAAC,i5121,GCGTTGGC,1001660005640,022,geometric,Geometric Segment,Geometric Segment-aoi-001,116076.5872,22/01/2020,C01,00MR,Hob7-BRA-5-FFPE-1-S30,OB00199,19pcw,947,14211-15,HCA_F_BRA8739083,,Geometric,,
149,DSP1001660005640_C02,WTX,directPCR,NovaSeq,2x50,0,Sanger_DSP,1,PP06,C2,i7122,TATAATGA,i5122,AGCCGGTC,1001660005640,023,geometric,Geometric Segment,Geometric Segment-aoi-001,151509.0853,22/01/2020,C02,00MR,Hob7-BRA-5-FFPE-1-S30,OB00199,19pcw,1260,14211-15,HCA_F_BRA8739091,,Geometric,,
150,DSP1001660005640_C03,WTX,directPCR,NovaSeq,2x50,0,Sanger_DSP,1,PP06,C3,i7123,AGCTTGCG,i5123,CCTCTTCT,1001660005640,024,geometric,Geometric Segment,Geometric Segment-aoi-001,282602.477,22/01/2020,C03,00MR,Hob7-BRA-5-FFPE-1-S30,OB00199,19pcw,1777,14211-15,HCA_F_BRA8739099,,Geometric,,
151,DSP1001660005640_C04,WTX,directPCR,NovaSeq,2x50,0,Sanger_DSP,1,PP06,C4,i7124,TTCTTATG,i5124,AACTACCG,1001660005640,026,center,Scan 00MR ROIs - ROI 026 centre,Scan 00MR ROIs - ROI 026 centre-aoi-001,32947.11481,22/01/2020,C04,00MR,Hob7-BRA-5-FFPE-1-S30,OB00199,19pcw,746,14211-15,HCA_F_BRA8739107,,EOMESpos,,
152,DSP1001660005640_C05,WTX,directPCR,NovaSeq,2x50,0,Sanger_DSP,1,PP06,C5,i7125,CCAAGCTT,i5125,TGGTCCGG,1001660005640,026,ring,Scan 00MR ROIs - ROI 026 ring,Scan 00MR ROIs - ROI 026 ring-aoi-001,57808.99868,22/01/2020,C05,00MR,Hob7-BRA-5-FFPE-1-S30,OB00199,19pcw,1290,14211-15,HCA_F_BRA8739115,,Ring,,
153,DSP1001660005640_C06,WTX,directPCR,NovaSeq,2x50,0,Sanger_DSP,1,PP06,C6,i7126,TTGCTGGC,i5126,CATGCGAC,1001660005640,026,rest,Scan 00MR ROIs - ROI 026 rest,Scan 00MR ROIs - ROI 026 rest-aoi-001,113748.7504,22/01/2020,C06,00MR,Hob7-BRA-5-FFPE-1-S30,OB00199,19pcw,1507,14211-15,HCA_F_BRA8739123,,Residual,,
154,DSP1001660005640_C07,WTX,directPCR,NovaSeq,2x50,0,Sanger_DSP,1,PP06,C7,i7127,CACTCGTC,i5127,CACATTCT,1001660005640,027,geometric,Geometric Segment,Geometric Segment-aoi-001,125157.1396,22/01/2020,C07,00MR,Hob7-BRA-5-FFPE-1-S30,OB00199,19pcw,1152,14211-15,HCA_F_BRA8739131,,Geometric,,
155,DSP1001660005640_C08,WTX,directPCR,NovaSeq,2x50,0,Sanger_DSP,1,PP06,C8,i7128,CCGAGAAT,i5128,ACACATCT,1001660005640,028,geometric,Geometric Segment,Geometric Segment-aoi-001,162830.8081,22/01/2020,C08,00MR,Hob7-BRA-5-FFPE-1-S30,OB00199,19pcw,1160,14211-15,HCA_F_BRA8739139,,Geometric,,
156,DSP1001660005640_C09,WTX,directPCR,NovaSeq,2x50,0,Sanger_DSP,1,PP06,C9,i7129,TTCACACT,i5129,TCTCCACA,1001660005640,029,center,Scan 00MR ROIs - ROI 029 centre,Scan 00MR ROIs - ROI 029 centre-aoi-001,32566.03533,22/01/2020,C09,00MR,Hob7-BRA-5-FFPE-1-S30,OB00199,19pcw,572,14211-15,HCA_F_BRA8739147,,EOMESpos,,
157,DSP1001660005640_C10,WTX,directPCR,NovaSeq,2x50,0,Sanger_DSP,1,PP06,C10,i7130,AACAGGTC,i5130,ATGTGCGC,1001660005640,029,ring,Scan 00MR ROIs - ROI 029 ring,Scan 00MR ROIs - ROI 029 ring-aoi-001,63434.57788,22/01/2020,C10,00MR,Hob7-BRA-5-FFPE-1-S30,OB00199,19pcw,1133,14211-15,HCA_F_BRA8739155,,Ring,,
158,DSP1001660005640_C11,WTX,directPCR,NovaSeq,2x50,0,Sanger_DSP,1,PP06,C11,i7580,GTTCAATT,i5580,GCGTACAG,1001660005640,029,rest,Scan 00MR ROIs - ROI 029 rest,Scan 00MR ROIs - ROI 029 rest-aoi-001,243051.9842,22/01/2020,C11,00MR,Hob7-BRA-5-FFPE-1-S30,OB00199,19pcw,2051,14211-15,HCA_F_BRA8739163,,Residual,,
159,DSP1001660005640_C12,WTX,directPCR,NovaSeq,2x50,0,Sanger_DSP,1,PP06,C12,i7132,TCTGCGTG,i5132,TCCGCACG,1001660005640,030,geometric,Geometric Segment,Geometric Segment-aoi-001,91177.28997,22/01/2020,C12,00MR,Hob7-BRA-5-FFPE-1-S30,OB00199,19pcw,997,14211-15,HCA_F_BRA8739171,,Geometric,,
160,DSP1001660005640_D01,WTX,directPCR,NovaSeq,2x50,0,Sanger_DSP,1,PP06,D1,i7133,GCCGGTTC,i5133,CAATATAT,1001660005640,031,geometric,Geometric Segment,Geometric Segment-aoi-001,190168.13,22/01/2020,D01,00MR,Hob7-BRA-5-FFPE-1-S30,OB00199,19pcw,1405,14211-15,HCA_F_BRA8739084,,Geometric,,
161,DSP1001660005640_D02,WTX,directPCR,NovaSeq,2x50,0,Sanger_DSP,1,PP06,D2,i7134,AGGCTTAT,i5134,CTATTCTA,1001660005640,032,geometric,Geometric Segment,Geometric Segment-aoi-001,148342.2107,22/01/2020,D02,00MR,Hob7-BRA-5-FFPE-1-S30,OB00199,19pcw,986,14211-15,HCA_F_BRA8739092,,Geometric,,
162,DSP1001660005640_D03,WTX,directPCR,NovaSeq,2x50,0,Sanger_DSP,1,PP06,D3,i7135,CTAGGATT,i5135,TCGAAGGT,1001660005640,033,geometric,Geometric Segment,Geometric Segment-aoi-001,170292.3253,22/01/2020,D03,00MR,Hob7-BRA-5-FFPE-1-S30,OB00199,19pcw,1087,14211-15,HCA_F_BRA8739100,,Geometric,,
163,DSP1001660005640_D04,WTX,directPCR,NovaSeq,2x50,0,Sanger_DSP,1,PP06,D4,i7136,TGTAAGAG,i5136,TTGGTCCG,1001660005640,034,geometric,Geometric Segment,Geometric Segment-aoi-001,128223.456,22/01/2020,D04,00MR,Hob7-BRA-5-FFPE-1-S30,OB00199,19pcw,699,14211-15,HCA_F_BRA8739108,,Geometric,,
164,DSP1001660005640_D05,WTX,directPCR,NovaSeq,2x50,0,Sanger_DSP,1,PP06,D5,i7137,GTTCCTTG,i5137,AGGAACTT,1001660005640,035,geometric,Geometric Segment,Geometric Segment-aoi-001,137635.8349,22/01/2020,D05,00MR,Hob7-BRA-5-FFPE-1-S30,OB00199,19pcw,1453,14211-15,HCA_F_BRA8739116,,Geometric,,
165,DSP1001660005640_D06,WTX,directPCR,NovaSeq,2x50,0,Sanger_DSP,1,PP06,D6,i7138,GCAGTACA,i5138,GCTAAGTT,1001660005640,036,geometric,Geometric Segment,Geometric Segment-aoi-001,145946.4931,22/01/2020,D06,00MR,Hob7-BRA-5-FFPE-1-S30,OB00199,19pcw,1347,14211-15,HCA_F_BRA8739124,,Geometric,,
166,DSP1001660005640_D07,WTX,directPCR,NovaSeq,2x50,0,Sanger_DSP,1,PP06,D7,i7139,ATACGTAG,i5139,CGAGAGCA,1001660005640,037,geometric,Geometric Segment,Geometric Segment-aoi-001,225617.835,22/01/2020,D07,00MR,Hob7-BRA-5-FFPE-1-S30,OB00199,19pcw,1716,14211-15,HCA_F_BRA8739132,,Geometric,,
167,DSP1001660005640_D08,WTX,directPCR,NovaSeq,2x50,0,Sanger_DSP,1,PP06,D8,i7140,GCCTCTCT,i5140,CTTGTTCA,1001660005640,038,center,Scan 00MR ROIs - ROI 038 centre,Scan 00MR ROIs - ROI 038 centre-aoi-001,18481.56524,22/01/2020,D08,00MR,Hob7-BRA-5-FFPE-1-S30,OB00199,19pcw,311,14211-15,HCA_F_BRA8739140,,EOMESpos,,
168,DSP1001660005640_D09,WTX,directPCR,NovaSeq,2x50,0,Sanger_DSP,1,PP06,D9,i7141,CGCTGTGC,i5141,GAGTTATA,1001660005640,038,ring,Scan 00MR ROIs - ROI 038 ring,Scan 00MR ROIs - ROI 038 ring-aoi-001,36226.07164,22/01/2020,D09,00MR,Hob7-BRA-5-FFPE-1-S30,OB00199,19pcw,556,14211-15,HCA_F_BRA8739148,,Ring,,
169,DSP1001660005640_D10,WTX,directPCR,NovaSeq,2x50,0,Sanger_DSP,1,PP06,D10,i7142,CCGGCAAG,i5142,CGAGCGGT,1001660005640,038,rest,Scan 00MR ROIs - ROI 038 rest,Scan 00MR ROIs - ROI 038 rest-aoi-001,161697.1993,22/01/2020,D10,00MR,Hob7-BRA-5-FFPE-1-S30,OB00199,19pcw,1186,14211-15,HCA_F_BRA8739156,,Residual,,
170,DSP1001660005640_D11,WTX,directPCR,NovaSeq,2x50,0,Sanger_DSP,1,PP06,D11,i7143,TGATTCGT,i5143,GTCTCTAA,1001660005640,039,geometric,Geometric Segment,Geometric Segment-aoi-001,174789.5051,22/01/2020,D11,00MR,Hob7-BRA-5-FFPE-1-S30,OB00199,19pcw,1079,14211-15,HCA_F_BRA8739164,,Geometric,,
171,DSP1001660005640_D12,WTX,directPCR,NovaSeq,2x50,0,Sanger_DSP,1,PP06,D12,i7144,TTCCGGCG,i5144,TGCCAGGC,1001660005640,040,geometric,Geometric Segment,Geometric Segment-aoi-001,136387.7759,22/01/2020,D12,00MR,Hob7-BRA-5-FFPE-1-S30,OB00199,19pcw,836,14211-15,HCA_F_BRA8739172,,Geometric,,
172,DSP1001660005640_E01,WTX,directPCR,NovaSeq,2x50,0,Sanger_DSP,1,PP06,E1,i7145,GTCATCAT,i5145,TTAATTCG,1001660005640,041,geometric,Geometric Segment,Geometric Segment-aoi-001,183145.4698,22/01/2020,E01,00MR,Hob7-BRA-5-FFPE-1-S30,OB00199,19pcw,859,14211-15,HCA_F_BRA8739085,,Geometric,,
173,DSP1001660005640_E02,WTX,directPCR,NovaSeq,2x50,0,Sanger_DSP,1,PP06,E2,i7146,TTGGATTG,i5146,AATGGTTG,1001660005640,042,geometric,Geometric Segment,Geometric Segment-aoi-001,186411.9555,22/01/2020,E02,00MR,Hob7-BRA-5-FFPE-1-S30,OB00199,19pcw,623,14211-15,HCA_F_BRA8739093,,Geometric,,
174,DSP1001660005640_E03,WTX,directPCR,NovaSeq,2x50,0,Sanger_DSP,1,PP06,E3,i7147,CAACCTAA,i5147,CTGTCGAC,1001660005640,043,geometric,Geometric Segment,Geometric Segment-aoi-001,148486.8125,22/01/2020,E03,00MR,Hob7-BRA-5-FFPE-1-S30,OB00199,19pcw,629,14211-15,HCA_F_BRA8739101,,Geometric,,
175,DSP1001660005640_E04,WTX,directPCR,NovaSeq,2x50,0,Sanger_DSP,1,PP06,E4,i7148,GAGCTGTC,i5148,ATATAACA,1001660005640,044,center,Scan 00MR ROIs - ROI 044 centre,Scan 00MR ROIs - ROI 044 centre-aoi-001,17846.48541,22/01/2020,E04,00MR,Hob7-BRA-5-FFPE-1-S30,OB00199,19pcw,230,14211-15,HCA_F_BRA8739109,,EOMESpos,,
176,DSP1001660005640_E05,WTX,directPCR,NovaSeq,2x50,0,Sanger_DSP,1,PP06,E5,i7149,TCTTGGAA,i5149,ACGTGGTG,1001660005640,044,ring,Scan 00MR ROIs - ROI 044 ring,Scan 00MR ROIs - ROI 044 ring-aoi-001,34993.00959,22/01/2020,E05,00MR,Hob7-BRA-5-FFPE-1-S30,OB00199,19pcw,390,14211-15,HCA_F_BRA8739117,,Ring,,
177,DSP1001660005640_E06,WTX,directPCR,NovaSeq,2x50,0,Sanger_DSP,1,PP06,E6,i7150,CCATACCT,i5150,AGACACAT,1001660005640,044,rest,Scan 00MR ROIs - ROI 044 rest,Scan 00MR ROIs - ROI 044 rest-aoi-001,231060.6097,22/01/2020,E06,00MR,Hob7-BRA-5-FFPE-1-S30,OB00199,19pcw,1383,14211-15,HCA_F_BRA8739125,,Residual,,
178,DSP1001660005640_E07,WTX,directPCR,NovaSeq,2x50,0,Sanger_DSP,1,PP06,E7,i7151,CGGAATTC,i5151,TCCTAAGC,1001660005640,045,geometric,Geometric Segment,Geometric Segment-aoi-001,248598.3166,22/01/2020,E07,00MR,Hob7-BRA-5-FFPE-1-S30,OB00199,19pcw,364,14211-15,HCA_F_BRA8739133,,Geometric,,
179,DSP1001660005640_E08,WTX,directPCR,NovaSeq,2x50,0,Sanger_DSP,1,PP06,E8,i7152,CATGCCTG,i5152,GATTATCA,1001660005640,048,geometric,Geometric Segment,Geometric Segment-aoi-001,276337.24,22/01/2020,E08,00MR,Hob7-BRA-5-FFPE-1-S30,OB00199,19pcw,440,14211-15,HCA_F_BRA8739141,,Geometric,,
180,DSP1001660005640_E09,WTX,directPCR,NovaSeq,2x50,0,Sanger_DSP,1,PP06,E9,i7153,CATATAGG,i5153,AAGGTTCT,1001660005640,049,geometric,Geometric Segment,Geometric Segment-aoi-001,237278.1724,22/01/2020,E09,00MR,Hob7-BRA-5-FFPE-1-S30,OB00199,19pcw,675,14211-15,HCA_F_BRA8739149,,Geometric,,
181,DSP1001660005640_E10,WTX,directPCR,NovaSeq,2x50,0,Sanger_DSP,1,PP06,E10,i7154,TTACATAT,i5154,AGCGCCGT,1001660005640,050,geometric,Geometric Segment,Geometric Segment-aoi-001,189702.2784,22/01/2020,E10,00MR,Hob7-BRA-5-FFPE-1-S30,OB00199,19pcw,379,14211-15,HCA_F_BRA8739157,,Geometric,,
182,DSP1001660005640_E11,WTX,directPCR,NovaSeq,2x50,0,Sanger_DSP,1,PP06,E11,i7155,TCTTGTTC,i5155,TGGACACG,1001660005640,051,geometric,Geometric Segment,Geometric Segment-aoi-001,101607.2489,22/01/2020,E11,00MR,Hob7-BRA-5-FFPE-1-S30,OB00199,19pcw,1109,14211-15,HCA_F_BRA8739165,,Geometric,,
183,DSP1001660005640_E12,WTX,directPCR,NovaSeq,2x50,0,Sanger_DSP,1,PP06,E12,i7156,CAGACAGA,i5156,TCACCTAA,1001660005640,052,geometric,Geometric Segment,Geometric Segment-aoi-001,144778.1546,22/01/2020,E12,00MR,Hob7-BRA-5-FFPE-1-S30,OB00199,19pcw,1483,14211-15,HCA_F_BRA8739173,,Geometric,,
184,DSP1001660005640_F01,WTX,directPCR,NovaSeq,2x50,0,Sanger_DSP,1,PP06,F1,i7157,TCTCCGGA,i5157,ATGGAATC,1001660005640,053,geometric,Geometric Segment,Geometric Segment-aoi-001,153183.3723,22/01/2020,F01,00MR,Hob7-BRA-5-FFPE-1-S30,OB00199,19pcw,1243,14211-15,HCA_F_BRA8739086,,Geometric,,
185,DSP1001660005640_F02,WTX,directPCR,NovaSeq,2x50,0,Sanger_DSP,1,PP06,F2,i7158,TCGGTCTG,i5158,TACTGAAG,1001660005640,054,geometric,Geometric Segment,Geometric Segment-aoi-001,90593.3575,22/01/2020,F02,00MR,Hob7-BRA-5-FFPE-1-S30,OB00199,19pcw,1052,14211-15,HCA_F_BRA8739094,,Geometric,,
186,DSP1001660005640_F03,WTX,directPCR,NovaSeq,2x50,0,Sanger_DSP,1,PP06,F3,i7159,TTAGGAAG,i5159,TCACTCAT,1001660005640,055,geometric,Geometric Segment,Geometric Segment-aoi-001,114565.214,22/01/2020,F03,00MR,Hob7-BRA-5-FFPE-1-S30,OB00199,19pcw,1042,14211-15,HCA_F_BRA8739102,,Geometric,,
187,DSP1001660005640_F04,WTX,directPCR,NovaSeq,2x50,0,Sanger_DSP,1,PP06,F4,i7160,CACACACG,i5160,GCGTCGTT,1001660005640,056,geometric,Scan 00MR ROIs - ROI 056 centre 3,Scan 00MR ROIs - ROI 056 centre 3-aoi-001,31566.45156,22/01/2020,F04,00MR,Hob7-BRA-5-FFPE-1-S30,OB00199,19pcw,704,14211-15,HCA_F_BRA8739110,,EOMESpos,,
188,DSP1001660005640_F05,WTX,directPCR,NovaSeq,2x50,0,Sanger_DSP,1,PP06,F5,i7161,CTCTTAAC,i5161,GTTCGGTT,1001660005640,056,ring,Scan 00MR ROIs - ROI 056 ring 3,Scan 00MR ROIs - ROI 056 ring 3-aoi-001,49322.63976,22/01/2020,F05,00MR,Hob7-BRA-5-FFPE-1-S30,OB00199,19pcw,1169,14211-15,HCA_F_BRA8739118,,Ring,,
189,DSP1001660005640_F06,WTX,directPCR,NovaSeq,2x50,0,Sanger_DSP,1,PP06,F6,i7162,TTAACCGT,i5162,CTCTCTTC,1001660005640,056,rest,Scan 00MR ROIs - ROI 056 rest 3,Scan 00MR ROIs - ROI 056 rest 3-aoi-001,81838.15917,22/01/2020,F06,00MR,Hob7-BRA-5-FFPE-1-S30,OB00199,19pcw,1208,14211-15,HCA_F_BRA8739126,,Residual,,
190,DSP1001660005640_F07,WTX,directPCR,NovaSeq,2x50,0,Sanger_DSP,1,PP06,F7,i7163,TGGTGCGC,i5163,TATTGCCG,1001660005640,057,geometric,Geometric Segment,Geometric Segment-aoi-001,185272.9794,22/01/2020,F07,00MR,Hob7-BRA-5-FFPE-1-S30,OB00199,19pcw,2061,14211-15,HCA_F_BRA8739134,,Geometric,,
191,DSP1001660005640_F08,WTX,directPCR,NovaSeq,2x50,0,Sanger_DSP,1,PP06,F8,i7164,AAGCAGTT,i5164,ATCCTTCT,1001660005640,058,geometric,Geometric Segment,Geometric Segment-aoi-001,100556.9914,22/01/2020,F08,00MR,Hob7-BRA-5-FFPE-1-S30,OB00199,19pcw,901,14211-15,HCA_F_BRA8739142,,Geometric,,
192,DSP1001660005640_F09,WTX,directPCR,NovaSeq,2x50,0,Sanger_DSP,1,PP06,F9,i7165,TCTCGGCT,i5165,AGATATAC,1001660005640,059,geometric,Geometric Segment,Geometric Segment-aoi-001,207106.276,22/01/2020,F09,00MR,Hob7-BRA-5-FFPE-1-S30,OB00199,19pcw,1868,14211-15,HCA_F_BRA8739150,,Geometric,,
193,DSP1001660005640_F10,WTX,directPCR,NovaSeq,2x50,0,Sanger_DSP,1,PP06,F10,i7166,TCGTACTC,i5166,GTTCGCGC,1001660005640,060,geometric,Geometric Segment,Geometric Segment-aoi-001,108702.21,22/01/2020,F10,00MR,Hob7-BRA-5-FFPE-1-S30,OB00199,19pcw,1039,14211-15,HCA_F_BRA8739158,,Geometric,,
,,,,,,,,,,,,,,,,,,,,,,,,,,,,,,,,,
,,,,,,,,,,,,,,,,,,,,,,,,,,,,,PhiX,,,,
,,,,,,,,,,,,,,,,,,,,,,,,,,,,,No tag,,,,
,,,,,,,,,,,,,,,,,,,,,,,,,,,,,,,,,
,,,,,,,,,,,,,,,,,,,,,,,,,,,,,,,,,
,,,,,,,,,,,,,,,,,,,,,,,,,,,,,,,,,
,,,,,,,,,,,,,,,,,,,,,,,,,,,,,,,,,
,,,,,,,,,,,,,,,,,,,,,,,,,,,,,,,,,
,,,,,,,,,,,,,,,,,,,,,,,,,,,,,,,,,
,,,,,,,,,,,,,,,,,,,,,,,,,,,,,,,,,
,,,,,,,,,,,,,,,,,,,,,,,,,,,,,,,,,
,,,,,,,,,,,,,,,,,,,,,,,,,,,,,,,,,
,,,,,,,,,,,,,,,,,,,,,,,,,,,,,,,,,
,,,,,,,,,,,,,,,,,,,,,,,,,,,,,,,,,
,,,,,,,,,,,,,,,,,,,,,,,,,,,,,,,,,
,,,,,,,,,,,,,,,,,,,,,,,,,,,,,,,,,
,,,,,,,,,,,,,,,,,,,,,,,,,,,,,,,,,
,,,,,,,,,,,,,,,,,,,,,,,,,,,,,,,,,
,,,,,,,,,,,,,,,,,,,,,,,,,,,,,,,,,
,,,,,,,,,,,,,,,,,,,,,,,,,,,,,,,,,
,,,,,,,,,,,,,,,,,,,,,,,,,,,,,,,,,
,,,,,,,,,,,,,,,,,,,,,,,,,,,,,,,,,
,,,,,,,,,,,,,,,,,,,,,,,,,,,,,,,,,
,,,,,,,,,,,,,,,,,,,,,,,,,,,,,,,,,
,,,,,,,,,,,,,,,,,,,,,,,,,,,,,,,,,
,,,,,,,,,,,,,,,,,,,,,,,,,,,,,,,,,
,,,,,,,,,,,,,,,,,,,,,,,,,,,,,,,,,
,,,,,,,,,,,,,,,,,,,,,,,,,,,,,,,,,
,,,,,,,,,,,,,,,,,,,,,,,,,,,,,,,,,
,,,,,,,,,,,,,,,,,,,,,,,,,,,,,,,,,
,,,,,,,,,,,,,,,,,,,,,,,,,,,,,,,,,
,,,,,,,,,,,,,,,,,,,,,,,,,,,,,,,,,
,,,,,,,,,,,,,,,,,,,,,,,,,,,,,,,,,
,,,,,,,,,,,,,,,,,,,,,,,,,,,,,,,,,
,,,,,,,,,,,,,,,,,,,,,,,,,,,,,,,,,
,,,,,,,,,,,,,,,,,,,,,,,,,,,,,,,,,
,,,,,,,,,,,,,,,,,,,,,,,,,,,,,,,,,
,,,,,,,,,,,,,,,,,,,,,,,,,,,,,,,,,
,,,,,,,,,,,,,,,,,,,,,,,,,,,,,,,,,
,,,,,,,,,,,,,,,,,,,,,,,,,,,,,,,,,
,,,,,,,,,,,,,,,,,,,,,,,,,,,,,,,,,
,,,,,,,,,,,,,,,,,,,,,,,,,,,,,,,,,
,,,,,,,,,,,,,,,,,,,,,,,,,,,,,,,,,
,,,,,,,,,,,,,,,,,,,,,,,,,,,,,,,,,
,,,,,,,,,,,,,,,,,,,,,,,,,,,,,,,,,
,,,,,,,,,,,,,,,,,,,,,,,,,,,,,,,,,
,,,,,,,,,,,,,,,,,,,,,,,,,,,,,,,,,
,,,,,,,,,,,,,,,,,,,,,,,,,,,,,,,,,
,,,,,,,,,,,,,,,,,,,,,,,,,,,,,,,,,
,,,,,,,,,,,,,,,,,,,,,,,,,,,,,,,,,
,,,,,,,,,,,,,,,,,,,,,,,,,,,,,,,,,
,,,,,,,,,,,,,,,,,,,,,,,,,,,,,,,,,
